account_id,activated,activation_date,exp1_eligible,exp1_variant
1,False,,False,not_eligible
2,True,2024-01-06,False,not_eligible
3,False,,False,not_eligible
4,True,2024-01-07,False,not_eligible
5,False,,False,not_eligible
6,False,,False,not_eligible
7,False,,False,not_eligible
8,False,,False,not_eligible
9,False,,False,not_eligible
10,False,,False,not_eligible
11,True,2024-01-12,False,not_eligible
12,False,,False,not_eligible
13,False,,False,not_eligible
14,False,,False,not_eligible
15,False,,False,not_eligible
16,True,2024-01-15,False,not_eligible
17,True,2024-01-14,False,not_eligible
18,False,,False,not_eligible
19,True,2024-01-16,False,not_eligible
20,False,,False,not_eligible
21,False,,False,not_eligible
22,False,,False,not_eligible
23,True,2024-01-18,False,not_eligible
24,False,,False,not_eligible
25,False,,False,not_eligible
26,True,2024-01-21,False,not_eligible
27,False,,False,not_eligible
28,True,2024-01-19,False,not_eligible
29,False,,False,not_eligible
30,True,2024-01-20,False,not_eligible
31,False,,False,not_eligible
32,False,,False,not_eligible
33,False,,False,not_eligible
34,True,2024-01-25,False,not_eligible
35,True,2024-01-27,False,not_eligible
36,False,,False,not_eligible
37,True,2024-01-28,False,not_eligible
38,True,2024-02-03,False,not_eligible
39,False,,False,not_eligible
40,False,,False,not_eligible
41,False,,False,not_eligible
42,False,,False,not_eligible
43,False,,False,not_eligible
44,False,,False,not_eligible
45,False,,False,not_eligible
46,False,,False,not_eligible
47,False,,False,not_eligible
48,True,2024-02-10,False,not_eligible
49,True,2024-02-13,False,not_eligible
50,True,2024-02-12,False,not_eligible
51,True,2024-02-12,False,not_eligible
52,True,2024-02-15,False,not_eligible
53,False,,False,not_eligible
54,False,,False,not_eligible
55,False,,False,not_eligible
56,False,,False,not_eligible
57,False,,False,not_eligible
58,False,,False,not_eligible
59,False,,False,not_eligible
60,True,2024-02-20,False,not_eligible
61,False,,False,not_eligible
62,False,,False,not_eligible
63,True,2024-02-25,False,not_eligible
64,False,,False,not_eligible
65,True,2024-02-28,False,not_eligible
66,False,,False,not_eligible
67,True,2024-02-26,False,not_eligible
68,False,,False,not_eligible
69,True,2024-02-27,False,not_eligible
70,True,2024-02-26,False,not_eligible
71,True,2024-02-24,False,not_eligible
72,True,2024-02-25,False,not_eligible
73,True,2024-03-01,False,not_eligible
74,False,,False,not_eligible
75,False,,False,not_eligible
76,False,,False,not_eligible
77,False,,False,not_eligible
78,False,,False,not_eligible
79,False,,False,not_eligible
80,False,,False,not_eligible
81,False,,False,not_eligible
82,False,,False,not_eligible
83,True,2024-03-05,False,not_eligible
84,True,2024-03-06,False,not_eligible
85,True,2024-03-07,False,not_eligible
86,True,2024-03-08,False,not_eligible
87,True,2024-03-08,False,not_eligible
88,False,,False,not_eligible
89,False,,False,not_eligible
90,False,,False,not_eligible
91,True,2024-03-10,False,not_eligible
92,False,,False,not_eligible
93,True,2024-03-13,False,not_eligible
94,False,,False,not_eligible
95,True,2024-03-16,False,not_eligible
96,True,2024-03-14,False,not_eligible
97,False,,False,not_eligible
98,False,,False,not_eligible
99,False,,False,not_eligible
100,False,,False,not_eligible
101,True,2024-03-20,False,not_eligible
102,False,,False,not_eligible
103,True,2024-03-24,False,not_eligible
104,False,,False,not_eligible
105,False,,False,not_eligible
106,False,,False,not_eligible
107,False,,False,not_eligible
108,False,,False,not_eligible
109,True,2024-03-22,False,not_eligible
110,False,,False,not_eligible
111,True,2024-03-27,False,not_eligible
112,False,,False,not_eligible
113,True,2024-03-23,False,not_eligible
114,False,,False,not_eligible
115,True,2024-03-26,False,not_eligible
116,True,2024-03-27,False,not_eligible
117,False,,False,not_eligible
118,False,,False,not_eligible
119,False,,False,not_eligible
120,False,,False,not_eligible
121,False,,False,not_eligible
122,False,,False,not_eligible
123,False,,False,not_eligible
124,True,2024-04-02,False,not_eligible
125,False,,False,not_eligible
126,False,,False,not_eligible
127,False,,False,not_eligible
128,False,,False,not_eligible
129,True,2024-04-08,False,not_eligible
130,False,,False,not_eligible
131,False,,False,not_eligible
132,True,2024-04-12,False,not_eligible
133,False,,False,not_eligible
134,False,,False,not_eligible
135,False,,False,not_eligible
136,False,,False,not_eligible
137,False,,False,not_eligible
138,True,2024-04-13,False,not_eligible
139,False,,False,not_eligible
140,True,2024-04-17,False,not_eligible
141,False,,False,not_eligible
142,False,,False,not_eligible
143,False,,False,not_eligible
144,False,,False,not_eligible
145,False,,False,not_eligible
146,False,,False,not_eligible
147,True,2024-04-17,False,not_eligible
148,False,,False,not_eligible
149,False,,False,not_eligible
150,False,,False,not_eligible
151,False,,False,not_eligible
152,False,,False,not_eligible
153,True,2024-04-21,False,not_eligible
154,False,,False,not_eligible
155,False,,False,not_eligible
156,False,,False,not_eligible
157,True,2024-04-27,False,not_eligible
158,True,2024-04-30,False,not_eligible
159,False,,False,not_eligible
160,True,2024-04-28,False,not_eligible
161,False,,False,not_eligible
162,False,,False,not_eligible
163,False,,False,not_eligible
164,False,,False,not_eligible
165,True,2024-05-06,False,not_eligible
166,False,,False,not_eligible
167,False,,False,not_eligible
168,True,2024-05-08,False,not_eligible
169,False,,False,not_eligible
170,False,,False,not_eligible
171,False,,False,not_eligible
172,True,2024-05-09,False,not_eligible
173,True,2024-05-09,False,not_eligible
174,True,2024-05-10,False,not_eligible
175,False,,False,not_eligible
176,True,2024-05-09,False,not_eligible
177,False,,False,not_eligible
178,False,,False,not_eligible
179,False,,False,not_eligible
180,True,2024-05-14,False,not_eligible
181,True,2024-05-11,False,not_eligible
182,False,,False,not_eligible
183,False,,False,not_eligible
184,False,,False,not_eligible
185,False,,False,not_eligible
186,True,2024-05-15,False,not_eligible
187,False,,False,not_eligible
188,True,2024-05-15,False,not_eligible
189,True,2024-05-19,False,not_eligible
190,True,2024-05-15,False,not_eligible
191,True,2024-05-20,False,not_eligible
192,True,2024-05-19,False,not_eligible
193,False,,False,not_eligible
194,True,2024-05-21,False,not_eligible
195,False,,False,not_eligible
196,True,2024-05-19,False,not_eligible
197,True,2024-05-17,False,not_eligible
198,False,,False,not_eligible
199,False,,False,not_eligible
200,False,,False,not_eligible
201,False,,False,not_eligible
202,False,,False,not_eligible
203,False,,False,not_eligible
204,False,,False,not_eligible
205,True,2024-05-25,False,not_eligible
206,False,,False,not_eligible
207,False,,False,not_eligible
208,True,2024-05-25,False,not_eligible
209,True,2024-05-28,False,not_eligible
210,False,,False,not_eligible
211,True,2024-05-30,False,not_eligible
212,False,,False,not_eligible
213,True,2024-05-29,False,not_eligible
214,False,,False,not_eligible
215,False,,False,not_eligible
216,False,,False,not_eligible
217,False,,False,not_eligible
218,False,,False,not_eligible
219,True,2024-05-28,False,not_eligible
220,False,,False,not_eligible
221,True,2024-06-03,False,not_eligible
222,False,,False,not_eligible
223,True,2024-06-03,False,not_eligible
224,False,,False,not_eligible
225,False,,False,not_eligible
226,False,,False,not_eligible
227,False,,False,not_eligible
228,False,,False,not_eligible
229,False,,False,not_eligible
230,False,,False,not_eligible
231,True,2024-06-07,False,not_eligible
232,False,,False,not_eligible
233,True,2024-06-06,False,not_eligible
234,True,2024-06-08,False,not_eligible
235,True,2024-06-03,False,not_eligible
236,False,,False,not_eligible
237,False,,False,not_eligible
238,False,,False,not_eligible
239,True,2024-06-11,False,not_eligible
240,True,2024-06-09,False,not_eligible
241,True,2024-06-08,False,not_eligible
242,False,,False,not_eligible
243,False,,False,not_eligible
244,False,,False,not_eligible
245,True,2024-06-10,False,not_eligible
246,False,,False,not_eligible
247,True,2024-06-13,False,not_eligible
248,False,,False,not_eligible
249,False,,False,not_eligible
250,False,,False,not_eligible
251,False,,False,not_eligible
252,False,,False,not_eligible
253,False,,False,not_eligible
254,False,,False,not_eligible
255,False,,False,not_eligible
256,False,,False,not_eligible
257,False,,False,not_eligible
258,False,,False,not_eligible
259,False,,False,not_eligible
260,True,2024-06-20,False,not_eligible
261,False,,False,not_eligible
262,False,,False,not_eligible
263,True,2024-06-25,False,not_eligible
264,True,2024-06-26,False,not_eligible
265,True,2024-06-23,False,not_eligible
266,False,,False,not_eligible
267,True,2024-06-27,False,not_eligible
268,False,,False,not_eligible
269,False,,False,not_eligible
270,False,,False,not_eligible
271,False,,False,not_eligible
272,False,,False,not_eligible
273,True,2024-07-01,False,not_eligible
274,False,,False,not_eligible
275,True,2024-06-27,False,not_eligible
276,True,2024-06-28,False,not_eligible
277,False,,False,not_eligible
278,True,2024-07-03,False,not_eligible
279,False,,False,not_eligible
280,False,,False,not_eligible
281,False,,False,not_eligible
282,True,2024-07-03,False,not_eligible
283,False,,False,not_eligible
284,False,,False,not_eligible
285,False,,False,not_eligible
286,False,,False,not_eligible
287,False,,False,not_eligible
288,False,,False,not_eligible
289,False,,False,not_eligible
290,False,,False,not_eligible
291,False,,False,not_eligible
292,True,2024-07-09,False,not_eligible
293,True,2024-07-09,False,not_eligible
294,False,,False,not_eligible
295,False,,False,not_eligible
296,False,,False,not_eligible
297,False,,False,not_eligible
298,False,,False,not_eligible
299,True,2024-07-15,False,not_eligible
300,True,2024-07-14,False,not_eligible
301,True,2024-07-15,False,not_eligible
302,False,,False,not_eligible
303,True,2024-07-15,False,not_eligible
304,False,,False,not_eligible
305,False,,False,not_eligible
306,False,,False,not_eligible
307,True,2024-07-15,False,not_eligible
308,False,,False,not_eligible
309,False,,False,not_eligible
310,False,,False,not_eligible
311,False,,False,not_eligible
312,False,,False,not_eligible
313,False,,False,not_eligible
314,False,,False,not_eligible
315,False,,False,not_eligible
316,False,,False,not_eligible
317,True,2024-07-16,False,not_eligible
318,False,,False,not_eligible
319,False,,False,not_eligible
320,True,2024-07-22,False,not_eligible
321,False,,False,not_eligible
322,False,,False,not_eligible
323,True,2024-07-21,False,not_eligible
324,False,,False,not_eligible
325,False,,False,not_eligible
326,False,,False,not_eligible
327,False,,False,not_eligible
328,False,,False,not_eligible
329,True,2024-07-24,False,not_eligible
330,False,,False,not_eligible
331,True,2024-07-26,False,not_eligible
332,False,,False,not_eligible
333,False,,False,not_eligible
334,True,2024-07-28,False,not_eligible
335,False,,False,not_eligible
336,False,,False,not_eligible
337,False,,False,not_eligible
338,False,,False,not_eligible
339,False,,False,not_eligible
340,True,2024-07-29,False,not_eligible
341,False,,False,not_eligible
342,False,,False,not_eligible
343,True,2024-08-02,False,not_eligible
344,True,2024-07-30,False,not_eligible
345,True,2024-07-29,False,not_eligible
346,False,,False,not_eligible
347,False,,False,not_eligible
348,False,,False,not_eligible
349,True,2024-08-02,False,not_eligible
350,False,,False,not_eligible
351,False,,False,not_eligible
352,True,2024-08-05,False,not_eligible
353,False,,False,not_eligible
354,True,2024-08-08,False,not_eligible
355,False,,False,not_eligible
356,True,2024-08-06,False,not_eligible
357,False,,False,not_eligible
358,False,,False,not_eligible
359,True,2024-08-07,False,not_eligible
360,False,,False,not_eligible
361,False,,False,not_eligible
362,True,2024-08-12,False,not_eligible
363,False,,False,not_eligible
364,False,,False,not_eligible
365,True,2024-08-08,False,not_eligible
366,False,,False,not_eligible
367,False,,False,not_eligible
368,True,2024-08-09,False,not_eligible
369,False,,False,not_eligible
370,False,,False,not_eligible
371,False,,False,not_eligible
372,False,,False,not_eligible
373,False,,False,not_eligible
374,False,,False,not_eligible
375,False,,False,not_eligible
376,False,,False,not_eligible
377,True,2024-08-16,False,not_eligible
378,False,,False,not_eligible
379,False,,False,not_eligible
380,False,,False,not_eligible
381,True,2024-08-19,False,not_eligible
382,True,2024-08-15,False,not_eligible
383,False,,False,not_eligible
384,True,2024-08-20,False,not_eligible
385,False,,False,not_eligible
386,True,2024-08-17,False,not_eligible
387,False,,False,not_eligible
388,False,,False,not_eligible
389,False,,False,not_eligible
390,False,,False,not_eligible
391,False,,False,not_eligible
392,False,,False,not_eligible
393,False,,False,not_eligible
394,True,2024-08-19,False,not_eligible
395,True,2024-08-24,False,not_eligible
396,False,,False,not_eligible
397,False,,False,not_eligible
398,True,2024-08-25,False,not_eligible
399,False,,False,not_eligible
400,False,,False,not_eligible
401,False,,False,not_eligible
402,False,,False,not_eligible
403,True,2024-08-26,False,not_eligible
404,False,,False,not_eligible
405,True,2024-08-26,False,not_eligible
406,True,2024-08-28,False,not_eligible
407,False,,False,not_eligible
408,False,,False,not_eligible
409,False,,False,not_eligible
410,True,2024-08-29,False,not_eligible
411,True,2024-08-30,False,not_eligible
412,True,2024-08-26,False,not_eligible
413,False,,False,not_eligible
414,False,,False,not_eligible
415,True,2024-08-27,False,not_eligible
416,False,,False,not_eligible
417,False,,False,not_eligible
418,False,,False,not_eligible
419,False,,False,not_eligible
420,False,,False,not_eligible
421,False,,False,not_eligible
422,False,,False,not_eligible
423,False,,False,not_eligible
424,False,,False,not_eligible
425,False,,False,not_eligible
426,False,,False,not_eligible
427,False,,False,not_eligible
428,False,,False,not_eligible
429,False,,False,not_eligible
430,True,2024-09-08,False,not_eligible
431,False,,False,not_eligible
432,True,2024-09-03,False,not_eligible
433,True,2024-09-08,False,not_eligible
434,True,2024-09-07,False,not_eligible
435,True,2024-09-09,False,not_eligible
436,True,2024-09-07,False,not_eligible
437,False,,False,not_eligible
438,False,,False,not_eligible
439,False,,False,not_eligible
440,False,,False,not_eligible
441,False,,False,not_eligible
442,True,2024-09-11,False,not_eligible
443,False,,False,not_eligible
444,False,,False,not_eligible
445,True,2024-09-11,False,not_eligible
446,False,,False,not_eligible
447,True,2024-09-09,False,not_eligible
448,False,,False,not_eligible
449,False,,False,not_eligible
450,False,,False,not_eligible
451,False,,False,not_eligible
452,True,2024-09-17,False,not_eligible
453,False,,False,not_eligible
454,False,,False,not_eligible
455,False,,False,not_eligible
456,False,,False,not_eligible
457,False,,False,not_eligible
458,False,,False,not_eligible
459,True,2024-09-15,False,not_eligible
460,False,,False,not_eligible
461,True,2024-09-14,False,not_eligible
462,True,2024-09-17,False,not_eligible
463,False,,False,not_eligible
464,False,,False,not_eligible
465,False,,False,not_eligible
466,False,,False,not_eligible
467,False,,False,not_eligible
468,False,,False,not_eligible
469,False,,False,not_eligible
470,False,,False,not_eligible
471,False,,False,not_eligible
472,True,2024-09-22,False,not_eligible
473,False,,False,not_eligible
474,True,2024-09-22,False,not_eligible
475,False,,False,not_eligible
476,False,,False,not_eligible
477,False,,False,not_eligible
478,True,2024-09-26,False,not_eligible
479,True,2024-09-30,False,not_eligible
480,False,,False,not_eligible
481,False,,False,not_eligible
482,False,,False,not_eligible
483,False,,False,not_eligible
484,False,,False,not_eligible
485,False,,False,not_eligible
486,True,2024-10-02,False,not_eligible
487,False,,False,not_eligible
488,False,,False,not_eligible
489,False,,False,not_eligible
490,False,,False,not_eligible
491,False,,False,not_eligible
492,True,2024-10-05,False,not_eligible
493,False,,True,control
494,False,,True,control
495,True,2024-10-08,True,treatment
496,True,2024-10-04,True,control
497,False,,True,treatment
498,False,,True,control
499,False,,True,treatment
500,False,,True,control
501,False,,True,control
502,False,,True,control
503,False,,True,treatment
504,False,,True,control
505,False,,True,treatment
506,False,,True,treatment
507,True,2024-10-08,True,control
508,True,2024-10-09,True,treatment
509,False,,True,treatment
510,False,,True,treatment
511,False,,True,control
512,True,2024-10-09,True,control
513,False,,True,control
514,False,,True,control
515,False,,True,treatment
516,False,,True,treatment
517,True,2024-10-18,True,treatment
518,True,2024-10-13,True,treatment
519,False,,True,treatment
520,False,,True,control
521,True,2024-10-15,True,control
522,False,,True,treatment
523,True,2024-10-21,True,treatment
524,False,,True,control
525,False,,True,control
526,False,,True,control
527,False,,True,control
528,True,2024-10-20,True,control
529,False,,True,treatment
530,True,2024-10-20,True,control
531,True,2024-10-23,True,control
532,False,,True,control
533,False,,True,treatment
534,False,,True,control
535,False,,True,control
536,False,,True,control
537,False,,True,control
538,True,2024-10-24,True,treatment
539,False,,True,control
540,True,2024-10-25,True,control
541,False,,True,treatment
542,False,,True,treatment
543,False,,True,treatment
544,False,,True,treatment
545,False,,True,treatment
546,False,,True,control
547,False,,True,treatment
548,True,2024-10-26,True,treatment
549,True,2024-10-27,True,control
550,True,2024-10-28,True,control
551,False,,True,treatment
552,False,,True,control
553,False,,True,treatment
554,True,2024-10-27,True,treatment
555,False,,True,treatment
556,True,2024-10-31,True,treatment
557,False,,True,treatment
558,True,2024-11-02,True,control
559,False,,True,treatment
560,False,,True,control
561,False,,True,control
562,False,,True,treatment
563,False,,True,treatment
564,False,,True,control
565,False,,True,control
566,False,,True,treatment
567,False,,True,control
568,False,,True,control
569,True,2024-11-07,True,treatment
570,False,,True,control
571,True,2024-11-07,True,control
572,False,,True,control
573,False,,True,treatment
574,False,,True,treatment
575,True,2024-11-03,True,treatment
576,False,,True,treatment
577,False,,True,treatment
578,True,2024-11-08,True,control
579,True,2024-11-06,True,control
580,False,,True,treatment
581,False,,True,treatment
582,True,2024-11-12,True,treatment
583,False,,True,treatment
584,True,2024-11-10,True,control
585,False,,True,control
586,False,,True,treatment
587,False,,True,treatment
588,False,,True,control
589,True,2024-11-11,True,treatment
590,False,,True,treatment
591,False,,True,treatment
592,True,2024-11-13,True,control
593,False,,True,treatment
594,True,2024-11-18,True,treatment
595,False,,True,control
596,False,,True,control
597,False,,True,treatment
598,False,,True,treatment
599,False,,True,control
600,True,2024-11-15,True,treatment
601,False,,True,control
602,True,2024-11-20,True,control
603,True,2024-11-17,True,treatment
604,False,,True,control
605,True,2024-11-16,True,control
606,False,,True,treatment
607,True,2024-11-20,True,treatment
608,True,2024-11-23,True,control
609,False,,True,control
610,True,2024-11-19,True,control
611,False,,True,control
612,False,,True,control
613,False,,True,control
614,True,2024-11-22,True,control
615,False,,True,control
616,False,,True,treatment
617,True,2024-11-25,True,control
618,False,,True,treatment
619,True,2024-11-27,True,control
620,False,,True,treatment
621,True,2024-11-23,True,treatment
622,True,2024-11-28,True,treatment
623,True,2024-11-24,True,treatment
624,False,,True,treatment
625,False,,True,treatment
626,False,,True,control
627,False,,True,treatment
628,False,,True,treatment
629,False,,True,control
630,True,2024-11-28,True,control
631,True,2024-11-27,True,treatment
632,False,,True,treatment
633,False,,True,control
634,True,2024-12-01,True,treatment
635,False,,True,control
636,True,2024-12-01,True,control
637,False,,True,control
638,False,,True,treatment
639,True,2024-11-28,True,treatment
640,False,,True,treatment
641,False,,True,control
642,False,,True,control
643,False,,True,treatment
644,False,,True,treatment
645,False,,True,control
646,False,,True,treatment
647,False,,True,treatment
648,False,,True,control
649,False,,True,control
650,False,,True,treatment
651,False,,True,control
652,False,,True,control
653,False,,True,treatment
654,False,,True,control
655,False,,True,treatment
656,False,,True,control
657,False,,True,treatment
658,True,2024-12-09,True,treatment
659,True,2024-12-07,True,control
660,False,,True,control
661,False,,True,treatment
662,True,2024-12-13,True,treatment
663,False,,True,control
664,False,,True,treatment
665,True,2024-12-13,True,control
666,False,,True,treatment
667,False,,True,control
668,False,,True,control
669,False,,True,treatment
670,True,2024-12-12,True,treatment
671,False,,True,treatment
672,False,,True,control
673,False,,True,control
674,True,2024-12-17,True,control
675,False,,True,treatment
676,True,2024-12-16,True,treatment
677,True,2024-12-13,True,treatment
678,False,,True,control
679,False,,True,control
680,True,2024-12-18,True,control
681,True,2024-12-17,True,treatment
682,True,2024-12-15,True,control
683,False,,True,treatment
684,False,,True,control
685,False,,True,control
686,False,,True,treatment
687,True,2024-12-16,True,treatment
688,False,,True,control
689,False,,True,treatment
690,False,,True,control
691,True,2024-12-24,True,control
692,True,2024-12-19,True,control
693,True,2024-12-23,True,control
694,False,,True,control
695,False,,True,treatment
696,False,,True,treatment
697,False,,True,treatment
698,False,,True,control
699,True,2024-12-23,True,treatment
700,False,,True,control
701,True,2024-12-28,True,control
702,True,2024-12-24,True,treatment
703,True,2024-12-28,True,treatment
704,False,,True,control
705,False,,True,treatment
706,False,,True,control
707,True,2024-12-29,True,control
708,False,,True,control
709,True,2024-12-28,True,treatment
710,False,,True,control
711,False,,True,control
712,False,,True,treatment
713,False,,True,control
714,True,2024-12-31,True,treatment
715,True,2024-12-26,True,treatment
716,False,,True,control
717,True,2024-12-27,True,treatment
718,False,,True,treatment
719,True,2025-01-01,True,treatment
720,False,,True,treatment
721,False,,True,control
722,False,,True,treatment
723,False,,True,control
724,False,,True,control
725,False,,True,control
726,True,2024-12-28,True,control
727,False,,True,control
728,False,,True,control
729,False,,True,treatment
730,False,,True,treatment
731,False,,True,treatment
732,False,,True,treatment
733,False,,True,treatment
734,False,,True,treatment
735,False,,True,control
736,True,2024-12-30,True,treatment
737,True,2025-01-06,True,control
738,False,,True,treatment
739,False,,True,treatment
740,False,,True,treatment
741,True,2025-01-08,True,control
742,False,,True,treatment
743,False,,True,treatment
744,True,2025-01-06,True,treatment
745,False,,True,control
746,False,,True,control
747,False,,True,control
748,True,2025-01-11,True,treatment
749,False,,True,control
750,False,,True,control
751,True,2025-01-07,True,control
752,False,,True,control
753,False,,True,control
754,False,,True,treatment
755,False,,True,control
756,False,,True,control
757,True,2025-01-12,True,control
758,False,,True,treatment
759,False,,True,treatment
760,False,,True,control
761,True,2025-01-15,True,treatment
762,False,,True,control
763,False,,True,control
764,False,,True,treatment
765,False,,True,treatment
766,False,,True,treatment
767,True,2025-01-12,True,treatment
768,False,,True,control
769,False,,True,control
770,False,,True,control
771,False,,True,treatment
772,True,2025-01-17,True,treatment
773,True,2025-01-14,True,control
774,False,,True,treatment
775,False,,True,treatment
776,True,2025-01-15,True,control
777,False,,True,treatment
778,True,2025-01-16,True,treatment
779,False,,True,control
780,False,,True,control
781,False,,True,treatment
782,False,,True,control
783,True,2025-01-23,True,treatment
784,False,,True,control
785,False,,True,treatment
786,True,2025-01-22,True,control
787,False,,True,control
788,True,2025-01-24,True,treatment
789,False,,True,treatment
790,False,,True,treatment
791,False,,True,control
792,False,,True,control
793,True,2025-01-27,True,control
794,False,,True,control
795,True,2025-01-23,True,treatment
796,False,,True,control
797,False,,True,treatment
798,False,,True,treatment
799,True,2025-01-30,True,treatment
800,False,,True,control
801,False,,True,control
802,True,2025-01-25,True,control
803,False,,True,treatment
804,True,2025-01-25,True,treatment
805,False,,True,treatment
806,False,,True,control
807,False,,True,treatment
808,True,2025-01-29,True,treatment
809,True,2025-01-27,True,treatment
810,True,2025-02-02,True,treatment
811,False,,True,treatment
812,False,,True,treatment
813,False,,True,treatment
814,True,2025-02-02,True,control
815,False,,True,treatment
816,False,,True,control
817,False,,True,control
818,False,,True,treatment
819,True,2025-02-06,True,control
820,False,,True,control
821,True,2025-02-05,True,treatment
822,True,2025-02-04,True,control
823,False,,True,control
824,False,,True,treatment
825,False,,True,control
826,False,,True,control
827,True,2025-02-07,True,treatment
828,False,,True,treatment
829,True,2025-02-08,True,treatment
830,False,,True,treatment
831,True,2025-02-07,True,control
832,False,,True,treatment
833,True,2025-02-10,True,control
834,False,,True,control
835,True,2025-02-13,True,control
836,True,2025-02-08,True,control
837,True,2025-02-13,True,control
838,False,,True,control
839,False,,True,treatment
840,False,,True,treatment
841,False,,True,control
842,True,2025-02-13,True,control
843,True,2025-02-18,True,treatment
844,False,,True,control
845,False,,True,control
846,False,,True,treatment
847,True,2025-02-19,True,treatment
848,True,2025-02-18,True,treatment
849,True,2025-02-18,True,treatment
850,True,2025-02-19,True,control
851,True,2025-02-20,True,treatment
852,True,2025-02-15,True,control
853,False,,True,control
854,True,2025-02-16,True,control
855,True,2025-02-17,True,control
856,False,,True,control
857,False,,True,control
858,False,,True,treatment
859,True,2025-02-17,True,control
860,False,,True,control
861,True,2025-02-23,True,control
862,False,,True,control
863,False,,True,control
864,False,,True,control
865,True,2025-02-21,True,control
866,False,,True,control
867,False,,True,control
868,False,,True,treatment
869,True,2025-02-19,True,treatment
870,False,,True,treatment
871,True,2025-02-24,True,treatment
872,False,,True,control
873,True,2025-02-22,True,control
874,True,2025-02-23,True,control
875,True,2025-02-22,True,treatment
876,False,,True,treatment
877,False,,True,control
878,False,,True,control
879,False,,True,treatment
880,True,2025-02-28,True,control
881,True,2025-02-26,True,control
882,True,2025-02-28,True,treatment
883,False,,True,treatment
884,False,,True,control
885,True,2025-03-01,True,treatment
886,False,,True,control
887,True,2025-02-28,True,control
888,False,,True,treatment
889,False,,True,treatment
890,False,,True,treatment
891,False,,True,control
892,False,,True,treatment
893,False,,True,treatment
894,False,,True,control
895,False,,True,control
896,True,2025-03-05,True,treatment
897,True,2025-03-02,True,control
898,False,,True,treatment
899,False,,True,treatment
900,False,,True,treatment
901,True,2025-03-07,True,treatment
902,False,,True,control
903,False,,True,treatment
904,False,,True,control
905,False,,True,treatment
906,False,,True,treatment
907,False,,True,control
908,False,,True,treatment
909,False,,True,treatment
910,False,,True,control
911,True,2025-03-07,True,control
912,False,,True,control
913,False,,True,treatment
914,False,,True,control
915,False,,True,control
916,False,,True,control
917,False,,True,control
918,False,,True,treatment
919,False,,True,control
920,True,2025-03-11,True,treatment
921,False,,True,treatment
922,False,,True,control
923,False,,True,treatment
924,True,2025-03-11,True,treatment
925,True,2025-03-09,True,control
926,False,,True,control
927,False,,True,treatment
928,True,2025-03-15,True,treatment
929,False,,True,treatment
930,False,,True,control
931,True,2025-03-17,True,treatment
932,True,2025-03-15,True,treatment
933,False,,True,treatment
934,True,2025-03-15,True,treatment
935,False,,True,control
936,False,,True,control
937,False,,True,control
938,False,,True,control
939,False,,True,treatment
940,False,,True,treatment
941,True,2025-03-19,True,control
942,False,,True,control
943,False,,True,treatment
944,False,,True,treatment
945,False,,True,treatment
946,False,,True,treatment
947,False,,True,treatment
948,False,,True,control
949,False,,True,treatment
950,False,,True,treatment
951,False,,True,treatment
952,False,,True,control
953,False,,True,control
954,False,,True,treatment
955,True,2025-03-20,True,control
956,False,,True,treatment
957,False,,True,control
958,False,,True,control
959,False,,True,treatment
960,False,,True,treatment
961,False,,True,treatment
962,False,,True,control
963,False,,True,control
964,False,,True,control
965,False,,True,treatment
966,False,,True,control
967,False,,True,control
968,False,,True,treatment
969,False,,True,control
970,True,2025-03-23,True,treatment
971,False,,True,control
972,True,2025-03-29,True,treatment
973,True,2025-03-25,True,treatment
974,False,,True,treatment
975,False,,True,treatment
976,False,,True,control
977,False,,True,control
978,False,,True,treatment
979,False,,True,treatment
980,False,,True,control
981,True,2025-03-27,True,control
982,False,,True,treatment
983,False,,True,control
984,True,2025-03-29,True,treatment
985,False,,True,control
986,False,,True,treatment
987,False,,True,treatment
988,True,2025-04-02,True,control
989,False,,True,control
990,False,,True,control
991,True,2025-04-04,True,control
992,False,,True,treatment
993,False,,True,treatment
994,False,,True,treatment
995,False,,True,control
996,True,2025-04-01,True,treatment
997,True,2025-04-01,True,control
998,False,,True,control
999,False,,True,treatment
1000,False,,True,treatment
1001,False,,True,control
1002,False,,True,treatment
1003,False,,True,treatment
1004,False,,True,control
1005,False,,True,treatment
1006,False,,True,treatment
1007,True,2025-04-05,True,treatment
1008,True,2025-04-05,True,control
1009,False,,True,treatment
1010,True,2025-04-07,True,control
1011,False,,True,control
1012,True,2025-04-07,True,control
1013,False,,True,control
1014,True,2025-04-07,True,treatment
1015,False,,True,treatment
1016,False,,True,control
1017,False,,True,treatment
1018,False,,True,treatment
1019,False,,True,treatment
1020,True,2025-04-12,True,control
1021,True,2025-04-12,True,treatment
1022,False,,True,control
1023,True,2025-04-09,True,treatment
1024,False,,True,control
1025,False,,True,control
1026,False,,True,control
1027,False,,True,treatment
1028,False,,True,treatment
1029,True,2025-04-12,True,treatment
1030,True,2025-04-10,True,treatment
1031,False,,True,treatment
1032,False,,True,control
1033,False,,True,control
1034,False,,True,treatment
1035,False,,True,treatment
1036,True,2025-04-15,True,control
1037,False,,True,treatment
1038,True,2025-04-17,True,treatment
1039,False,,True,treatment
1040,False,,True,control
1041,False,,True,control
1042,True,2025-04-17,True,treatment
1043,True,2025-04-12,True,treatment
1044,True,2025-04-15,True,control
1045,False,,True,treatment
1046,False,,True,control
1047,False,,True,control
1048,True,2025-04-16,True,control
1049,True,2025-04-21,True,treatment
1050,False,,True,control
1051,False,,True,control
1052,True,2025-04-18,True,control
1053,False,,True,control
1054,True,2025-04-22,True,control
1055,False,,True,treatment
1056,True,2025-04-16,True,control
1057,False,,True,treatment
1058,False,,True,treatment
1059,False,,True,treatment
1060,False,,True,treatment
1061,True,2025-04-21,True,treatment
1062,False,,True,control
1063,False,,True,control
1064,False,,True,treatment
1065,False,,True,control
1066,False,,True,control
1067,False,,True,control
1068,False,,True,control
1069,True,2025-04-22,True,control
1070,False,,True,treatment
1071,False,,True,treatment
1072,False,,True,treatment
1073,False,,True,control
1074,True,2025-04-26,True,treatment
1075,False,,True,control
1076,False,,True,control
1077,False,,True,treatment
1078,True,2025-04-26,True,treatment
1079,False,,True,treatment
1080,True,2025-04-29,True,control
1081,True,2025-05-01,True,control
1082,False,,True,control
1083,True,2025-04-25,True,control
1084,False,,True,treatment
1085,False,,True,treatment
1086,False,,True,treatment
1087,False,,True,treatment
1088,False,,True,treatment
1089,False,,True,treatment
1090,False,,True,control
1091,True,2025-04-28,True,treatment
1092,False,,True,control
1093,False,,True,control
1094,False,,True,treatment
1095,True,2025-05-05,True,control
1096,False,,True,treatment
1097,False,,True,treatment
1098,False,,True,treatment
1099,False,,True,treatment
1100,False,,True,control
1101,False,,True,treatment
1102,True,2025-05-02,True,control
1103,False,,True,treatment
1104,False,,True,treatment
1105,False,,True,control
1106,True,2025-05-03,True,control
1107,True,2025-05-07,True,treatment
1108,False,,True,control
1109,False,,True,control
1110,False,,True,control
1111,False,,True,treatment
1112,False,,True,control
1113,False,,True,control
1114,False,,True,treatment
1115,True,2025-05-07,True,control
1116,False,,True,control
1117,False,,True,treatment
1118,False,,True,treatment
1119,False,,True,treatment
1120,True,2025-05-11,True,treatment
1121,False,,True,control
1122,True,2025-05-11,True,treatment
1123,False,,True,treatment
1124,False,,True,control
1125,False,,True,treatment
1126,False,,True,control
1127,False,,True,treatment
1128,False,,True,control
1129,True,2025-05-15,True,control
1130,True,2025-05-11,True,control
1131,False,,True,treatment
1132,False,,True,treatment
1133,False,,True,treatment
1134,True,2025-05-16,True,control
1135,False,,True,treatment
1136,False,,True,control
1137,False,,True,control
1138,False,,True,control
1139,False,,True,treatment
1140,False,,True,control
1141,False,,True,control
1142,True,2025-05-15,True,treatment
1143,False,,True,treatment
1144,False,,True,treatment
1145,True,2025-05-16,True,treatment
1146,False,,True,control
1147,False,,True,control
1148,False,,True,treatment
1149,False,,True,treatment
1150,True,2025-05-15,True,control
1151,False,,True,control
1152,False,,True,control
1153,True,2025-05-17,True,treatment
1154,True,2025-05-16,True,treatment
1155,False,,True,control
1156,True,2025-05-20,True,control
1157,True,2025-05-23,True,treatment
1158,False,,True,control
1159,False,,True,treatment
1160,True,2025-05-25,True,control
1161,True,2025-05-21,True,treatment
1162,True,2025-05-23,True,control
1163,False,,True,control
1164,False,,True,treatment
1165,True,2025-05-25,True,control
1166,False,,True,control
1167,False,,True,treatment
1168,False,,True,treatment
1169,False,,True,treatment
1170,False,,True,control
1171,False,,True,treatment
1172,True,2025-05-22,True,treatment
1173,True,2025-05-26,True,control
1174,False,,True,treatment
1175,False,,True,treatment
1176,False,,True,control
1177,False,,True,treatment
1178,False,,True,treatment
1179,True,2025-05-26,True,control
1180,True,2025-05-24,True,treatment
1181,False,,True,treatment
1182,True,2025-05-24,True,control
1183,True,2025-05-29,True,treatment
1184,False,,True,treatment
1185,False,,True,treatment
1186,False,,True,control
1187,False,,True,control
1188,False,,True,treatment
1189,False,,True,control
1190,False,,True,control
1191,True,2025-05-26,True,treatment
1192,True,2025-05-30,True,control
1193,True,2025-05-26,True,control
1194,False,,True,treatment
1195,False,,True,treatment
1196,False,,True,treatment
1197,False,,True,treatment
1198,True,2025-05-31,True,control
1199,False,,True,control
1200,True,2025-06-02,True,treatment
1201,False,,True,treatment
1202,False,,True,treatment
1203,True,2025-05-29,True,control
1204,True,2025-06-04,True,treatment
1205,False,,True,control
1206,False,,True,treatment
1207,False,,True,treatment
1208,True,2025-06-02,True,treatment
1209,False,,True,treatment
1210,False,,True,treatment
1211,True,2025-06-02,True,treatment
1212,False,,True,treatment
1213,False,,True,treatment
1214,True,2025-06-03,True,control
1215,False,,True,control
1216,False,,True,treatment
1217,False,,True,control
1218,False,,True,control
1219,False,,True,treatment
1220,True,2025-06-03,True,treatment
1221,False,,True,control
1222,False,,True,treatment
1223,False,,True,treatment
1224,True,2025-06-06,True,control
1225,True,2025-06-10,True,treatment
1226,True,2025-06-07,True,control
1227,False,,True,control
1228,False,,True,treatment
1229,False,,True,control
1230,False,,True,control
1231,True,2025-06-06,True,control
1232,False,,True,control
1233,True,2025-06-12,True,treatment
1234,False,,True,control
1235,True,2025-06-10,True,treatment
1236,False,,True,treatment
1237,False,,True,treatment
1238,True,2025-06-12,True,treatment
1239,False,,True,control
1240,False,,True,control
1241,True,2025-06-13,True,treatment
1242,False,,True,treatment
1243,False,,True,control
1244,False,,True,control
1245,False,,True,treatment
1246,False,,True,control
1247,True,2025-06-12,True,control
1248,False,,True,treatment
1249,False,,True,control
1250,False,,True,treatment
1251,False,,True,treatment
1252,False,,True,control
1253,True,2025-06-12,True,treatment
1254,False,,True,treatment
1255,False,,True,treatment
1256,False,,True,control
1257,False,,True,control
1258,True,2025-06-16,True,control
1259,True,2025-06-15,True,treatment
1260,False,,True,treatment
1261,False,,True,treatment
1262,True,2025-06-20,True,control
1263,False,,True,treatment
1264,False,,True,treatment
1265,True,2025-06-17,True,treatment
1266,False,,True,treatment
1267,False,,True,control
1268,False,,True,control
1269,False,,True,treatment
1270,False,,True,treatment
1271,False,,True,treatment
1272,False,,True,control
1273,False,,True,treatment
1274,False,,True,treatment
1275,False,,True,control
1276,False,,True,treatment
1277,False,,True,control
1278,False,,True,control
1279,True,2025-06-22,True,treatment
1280,False,,True,treatment
1281,True,2025-06-23,True,treatment
1282,False,,True,treatment
1283,False,,True,treatment
1284,True,2025-06-23,True,control
1285,False,,True,treatment
1286,False,,True,control
1287,True,2025-06-22,True,treatment
1288,True,2025-06-27,True,control
1289,True,2025-06-24,True,control
1290,False,,True,control
1291,True,2025-06-26,True,treatment
1292,False,,True,control
1293,False,,True,treatment
1294,True,2025-06-29,True,control
1295,False,,True,control
1296,True,2025-06-25,True,treatment
1297,False,,True,treatment
1298,True,2025-06-30,True,control
1299,False,,True,control
1300,True,2025-07-01,True,control
1301,False,,True,control
1302,True,2025-06-27,True,treatment
1303,True,2025-07-01,True,control
1304,True,2025-06-30,True,control
1305,False,,True,control
1306,False,,True,control
1307,False,,True,treatment
1308,False,,True,control
1309,False,,True,treatment
1310,True,2025-07-02,True,treatment
1311,True,2025-06-28,True,control
1312,True,2025-07-02,True,treatment
1313,False,,True,treatment
1314,False,,True,control
1315,True,2025-06-28,True,treatment
1316,False,,True,treatment
1317,True,2025-07-04,True,treatment
1318,False,,True,treatment
1319,True,2025-07-01,True,control
1320,False,,True,control
1321,True,2025-07-06,True,control
1322,False,,True,treatment
1323,False,,True,treatment
1324,False,,True,control
1325,False,,True,treatment
1326,False,,True,control
1327,False,,True,treatment
1328,True,2025-07-02,True,treatment
1329,False,,True,treatment
1330,False,,True,treatment
1331,True,2025-07-03,True,treatment
1332,True,2025-07-07,True,control
1333,False,,True,treatment
1334,True,2025-07-02,True,treatment
1335,True,2025-07-06,True,control
1336,False,,True,control
1337,True,2025-07-07,True,treatment
1338,True,2025-07-09,True,treatment
1339,False,,True,control
1340,True,2025-07-06,True,treatment
1341,False,,True,treatment
1342,True,2025-07-09,True,control
1343,True,2025-07-05,True,control
1344,False,,True,control
1345,True,2025-07-11,True,treatment
1346,False,,True,treatment
1347,True,2025-07-14,True,control
1348,True,2025-07-08,True,control
1349,True,2025-07-13,True,control
1350,False,,True,treatment
1351,False,,True,treatment
1352,True,2025-07-12,True,control
1353,True,2025-07-12,True,control
1354,False,,True,control
1355,True,2025-07-12,True,treatment
1356,False,,True,treatment
1357,False,,True,treatment
1358,False,,True,control
1359,False,,True,treatment
1360,False,,True,treatment
1361,False,,True,treatment
1362,True,2025-07-14,True,control
1363,False,,True,control
1364,False,,True,treatment
1365,False,,True,control
1366,False,,True,treatment
1367,False,,True,treatment
1368,False,,True,control
1369,False,,True,treatment
1370,False,,True,control
1371,False,,True,treatment
1372,True,2025-07-17,True,treatment
1373,True,2025-07-18,True,control
1374,False,,True,control
1375,True,2025-07-23,True,control
1376,False,,True,control
1377,False,,True,control
1378,False,,True,control
1379,False,,True,control
1380,True,2025-07-24,True,control
1381,False,,True,treatment
1382,False,,True,control
1383,False,,True,control
1384,True,2025-07-22,True,treatment
1385,False,,True,treatment
1386,True,2025-07-26,True,control
1387,False,,True,control
1388,True,2025-07-22,True,control
1389,False,,True,treatment
1390,False,,True,treatment
1391,False,,True,control
1392,False,,True,treatment
1393,False,,True,treatment
1394,False,,True,control
1395,False,,True,control
1396,False,,True,control
1397,False,,True,control
1398,True,2025-07-28,True,control
1399,False,,True,treatment
1400,False,,True,control
1401,False,,True,treatment
1402,False,,True,control
1403,False,,True,treatment
1404,False,,True,treatment
1405,False,,True,treatment
1406,False,,True,treatment
1407,False,,True,treatment
1408,False,,True,treatment
1409,True,2025-07-30,True,control
1410,False,,True,control
1411,False,,True,treatment
1412,True,2025-07-27,True,treatment
1413,False,,True,treatment
1414,False,,True,control
1415,True,2025-08-01,True,control
1416,False,,True,treatment
1417,True,2025-07-28,True,treatment
1418,False,,True,control
1419,True,2025-07-31,True,control
1420,True,2025-08-04,True,control
1421,False,,True,control
1422,True,2025-08-04,True,treatment
1423,False,,True,treatment
1424,True,2025-07-30,True,control
1425,True,2025-07-30,True,treatment
1426,False,,True,treatment
1427,True,2025-08-03,True,control
1428,False,,True,treatment
1429,True,2025-08-06,True,control
1430,False,,True,treatment
1431,False,,True,treatment
1432,False,,True,treatment
1433,True,2025-08-05,True,control
1434,False,,True,control
1435,False,,True,treatment
1436,True,2025-08-08,True,treatment
1437,True,2025-08-06,True,control
1438,False,,True,control
1439,False,,True,control
1440,True,2025-08-08,True,treatment
1441,False,,True,treatment
1442,True,2025-08-12,True,control
1443,False,,True,control
1444,True,2025-08-10,True,control
1445,True,2025-08-11,True,control
1446,False,,True,control
1447,False,,True,treatment
1448,False,,True,control
1449,False,,True,control
1450,True,2025-08-11,True,control
1451,False,,True,treatment
1452,True,2025-08-14,True,control
1453,True,2025-08-11,True,treatment
1454,False,,True,treatment
1455,False,,True,control
1456,False,,True,control
1457,False,,True,treatment
1458,False,,True,treatment
1459,False,,True,treatment
1460,True,2025-08-13,True,control
1461,True,2025-08-16,True,control
1462,False,,True,treatment
1463,False,,True,treatment
1464,False,,True,control
1465,True,2025-08-20,True,control
1466,False,,True,treatment
1467,False,,True,treatment
1468,True,2025-08-14,True,control
1469,False,,True,treatment
1470,True,2025-08-21,True,control
1471,False,,True,control
1472,False,,True,control
1473,False,,True,control
1474,False,,True,treatment
1475,True,2025-08-20,True,treatment
1476,True,2025-08-19,True,control
1477,False,,True,control
1478,False,,True,treatment
1479,True,2025-08-18,True,control
1480,True,2025-08-25,True,treatment
1481,True,2025-08-23,True,treatment
1482,False,,True,control
1483,False,,True,control
1484,True,2025-08-25,True,control
1485,False,,True,treatment
1486,False,,True,treatment
1487,False,,True,treatment
1488,False,,True,control
1489,False,,True,treatment
1490,False,,True,treatment
1491,False,,True,treatment
1492,False,,True,treatment
1493,False,,True,treatment
1494,False,,True,treatment
1495,True,2025-08-26,True,treatment
1496,True,2025-08-23,True,control
1497,True,2025-08-29,True,treatment
1498,False,,True,treatment
1499,False,,True,treatment
1500,False,,True,control
1501,False,,True,treatment
1502,True,2025-08-30,True,treatment
1503,True,2025-08-31,True,treatment
1504,False,,True,treatment
1505,False,,True,control
1506,False,,True,treatment
1507,False,,True,treatment
1508,True,2025-08-31,True,treatment
1509,False,,True,control
1510,False,,True,control
1511,False,,True,treatment
1512,False,,True,control
1513,False,,True,treatment
1514,False,,True,control
1515,False,,True,control
1516,False,,True,control
1517,False,,True,treatment
1518,False,,True,treatment
1519,False,,True,control
1520,False,,True,control
1521,False,,True,control
1522,False,,True,treatment
1523,False,,True,treatment
1524,False,,True,control
1525,False,,True,control
1526,False,,True,control
1527,True,2025-09-09,True,control
1528,False,,True,control
1529,True,2025-09-08,True,treatment
1530,True,2025-09-10,True,treatment
1531,True,2025-09-09,True,treatment
1532,True,2025-09-05,True,treatment
1533,False,,True,control
1534,False,,True,control
1535,True,2025-09-05,True,treatment
1536,False,,True,control
1537,True,2025-09-07,True,control
1538,True,2025-09-11,True,control
1539,True,2025-09-05,True,treatment
1540,False,,True,treatment
1541,False,,True,treatment
1542,True,2025-09-12,True,control
1543,False,,True,treatment
1544,False,,True,control
1545,True,2025-09-12,True,treatment
1546,False,,True,treatment
1547,True,2025-09-12,True,control
1548,False,,True,control
1549,True,2025-09-13,True,control
1550,False,,True,treatment
1551,True,2025-09-10,True,control
1552,False,,True,control
1553,False,,True,control
1554,True,2025-09-15,True,treatment
1555,False,,True,treatment
1556,False,,True,control
1557,False,,True,control
1558,True,2025-09-14,True,control
1559,False,,True,treatment
1560,False,,True,control
1561,False,,True,control
1562,False,,True,control
1563,False,,True,control
1564,False,,True,control
1565,False,,True,control
1566,True,2025-09-14,True,control
1567,False,,True,control
1568,False,,True,control
1569,True,2025-09-13,True,control
1570,False,,True,control
1571,True,2025-09-13,True,control
1572,False,,True,control
1573,True,2025-09-18,True,treatment
1574,False,,True,treatment
1575,False,,True,treatment
1576,True,2025-09-18,True,control
1577,False,,True,treatment
1578,False,,True,control
1579,True,2025-09-17,True,treatment
1580,False,,True,control
1581,False,,True,treatment
1582,False,,True,control
1583,False,,True,control
1584,False,,True,control
1585,False,,True,control
1586,True,2025-09-19,True,treatment
1587,True,2025-09-19,True,treatment
1588,True,2025-09-20,True,control
1589,False,,True,treatment
1590,False,,True,treatment
1591,False,,True,treatment
1592,False,,True,treatment
1593,True,2025-09-20,True,treatment
1594,False,,True,control
1595,True,2025-09-23,True,control
1596,False,,True,control
1597,False,,True,control
1598,True,2025-09-21,True,treatment
1599,True,2025-09-21,True,treatment
1600,False,,True,control
1601,False,,True,treatment
1602,True,2025-09-29,True,control
1603,True,2025-09-23,True,treatment
1604,False,,True,treatment
1605,False,,True,control
1606,False,,True,treatment
1607,True,2025-09-26,True,treatment
1608,False,,True,control
1609,False,,True,treatment
1610,True,2025-09-26,True,control
1611,False,,True,control
1612,True,2025-09-26,True,treatment
1613,True,2025-09-26,True,treatment
1614,False,,True,treatment
1615,False,,True,treatment
1616,True,2025-09-28,True,control
1617,True,2025-09-27,True,treatment
1618,True,2025-09-28,True,control
1619,False,,True,treatment
1620,False,,True,treatment
1621,False,,True,control
1622,False,,True,treatment
1623,True,2025-10-02,True,treatment
1624,False,,True,control
1625,False,,True,treatment
1626,False,,True,treatment
1627,False,,True,treatment
1628,False,,True,control
1629,True,2025-10-03,True,control
1630,True,2025-10-03,True,treatment
1631,True,2025-10-04,True,treatment
1632,False,,True,control
1633,False,,True,treatment
1634,False,,True,control
1635,True,2025-10-07,True,treatment
1636,True,2025-10-05,True,treatment
1637,False,,True,treatment
1638,False,,True,control
1639,False,,True,control
1640,False,,True,control
1641,False,,True,control
1642,False,,True,control
1643,False,,True,treatment
1644,False,,True,treatment
1645,True,2025-10-02,True,treatment
1646,False,,True,control
1647,False,,True,treatment
1648,False,,True,control
1649,False,,True,treatment
1650,False,,True,treatment
1651,False,,True,control
1652,True,2025-10-07,True,control
1653,False,,True,treatment
1654,False,,True,control
1655,False,,True,treatment
1656,False,,True,treatment
1657,True,2025-10-11,True,control
1658,False,,True,treatment
1659,False,,True,control
1660,True,2025-10-08,True,control
1661,False,,True,treatment
1662,False,,True,control
1663,True,2025-10-12,True,control
1664,False,,True,control
1665,False,,True,treatment
1666,True,2025-10-09,True,control
1667,False,,True,control
1668,True,2025-10-14,True,treatment
1669,False,,True,treatment
1670,True,2025-10-09,True,treatment
1671,False,,True,treatment
1672,False,,True,treatment
1673,False,,True,treatment
1674,True,2025-10-15,True,treatment
1675,True,2025-10-11,True,control
1676,True,2025-10-13,True,control
1677,True,2025-10-14,True,control
1678,True,2025-10-17,True,treatment
1679,False,,True,treatment
1680,True,2025-10-19,True,control
1681,False,,True,treatment
1682,False,,True,control
1683,False,,True,treatment
1684,True,2025-10-20,True,treatment
1685,True,2025-10-14,True,treatment
1686,False,,True,treatment
1687,True,2025-10-19,True,treatment
1688,False,,True,control
1689,False,,True,treatment
1690,True,2025-10-16,True,control
1691,False,,True,control
1692,False,,True,treatment
1693,True,2025-10-21,True,treatment
1694,False,,True,treatment
1695,False,,True,treatment
1696,False,,True,treatment
1697,True,2025-10-19,True,treatment
1698,False,,True,treatment
1699,False,,True,treatment
1700,True,2025-10-22,True,control
1701,True,2025-10-19,True,treatment
1702,False,,True,treatment
1703,True,2025-10-23,True,treatment
1704,False,,True,treatment
1705,False,,True,control
1706,False,,True,control
1707,False,,True,control
1708,False,,True,control
1709,False,,True,treatment
1710,False,,True,control
1711,False,,True,treatment
1712,False,,True,control
1713,True,2025-10-28,True,treatment
1714,True,2025-10-25,True,control
1715,False,,True,treatment
1716,False,,True,control
1717,False,,True,control
1718,False,,True,treatment
1719,False,,True,treatment
1720,True,2025-10-30,True,control
1721,False,,True,treatment
1722,False,,True,control
1723,True,2025-10-29,True,treatment
1724,True,2025-10-25,True,control
1725,False,,True,control
1726,False,,True,control
1727,False,,True,treatment
1728,True,2025-10-31,True,treatment
1729,True,2025-11-02,True,treatment
1730,True,2025-10-29,True,control
1731,False,,True,control
1732,False,,True,control
1733,True,2025-10-31,True,control
1734,False,,True,control
1735,False,,True,treatment
1736,False,,True,control
1737,False,,True,control
1738,False,,True,control
1739,False,,True,control
1740,True,2025-11-03,True,treatment
1741,False,,True,treatment
1742,False,,True,control
1743,False,,True,control
1744,False,,True,control
1745,False,,True,treatment
1746,True,2025-11-05,True,treatment
1747,False,,True,control
1748,False,,True,treatment
1749,True,2025-10-31,True,treatment
1750,False,,True,control
1751,True,2025-11-05,True,control
1752,False,,True,treatment
1753,True,2025-11-05,True,treatment
1754,True,2025-11-06,True,control
1755,False,,True,treatment
1756,False,,True,treatment
1757,False,,True,treatment
1758,False,,True,treatment
1759,False,,True,treatment
1760,False,,True,control
1761,False,,True,control
1762,False,,True,treatment
1763,False,,True,control
1764,False,,True,control
1765,False,,True,control
1766,False,,True,control
1767,True,2025-11-10,True,treatment
1768,True,2025-11-05,True,treatment
1769,False,,True,treatment
1770,False,,True,control
1771,True,2025-11-10,True,treatment
1772,True,2025-11-07,True,treatment
1773,False,,True,control
1774,True,2025-11-12,True,control
1775,False,,True,control
1776,True,2025-11-06,True,control
1777,False,,True,treatment
1778,True,2025-11-10,True,treatment
1779,True,2025-11-07,True,treatment
1780,False,,True,control
1781,False,,True,treatment
1782,False,,True,treatment
1783,True,2025-11-07,True,treatment
1784,True,2025-11-07,True,control
1785,True,2025-11-11,True,control
1786,False,,True,treatment
1787,True,2025-11-12,True,control
1788,False,,True,treatment
1789,True,2025-11-09,True,control
1790,False,,True,treatment
1791,True,2025-11-12,True,control
1792,True,2025-11-09,True,treatment
1793,True,2025-11-14,True,control
1794,False,,True,treatment
1795,False,,True,control
1796,False,,True,control
1797,False,,True,control
1798,True,2025-11-12,True,treatment
1799,True,2025-11-16,True,treatment
1800,False,,True,control
1801,False,,True,treatment
1802,False,,True,control
1803,False,,True,control
1804,False,,True,control
1805,True,2025-11-17,True,control
1806,False,,True,control
1807,False,,True,control
1808,False,,True,treatment
1809,False,,True,control
1810,False,,True,control
1811,True,2025-11-18,True,treatment
1812,True,2025-11-16,True,control
1813,False,,True,treatment
1814,False,,True,treatment
1815,False,,True,treatment
1816,False,,True,control
1817,True,2025-11-17,True,treatment
1818,True,2025-11-21,True,treatment
1819,True,2025-11-20,True,treatment
1820,False,,True,control
1821,True,2025-11-17,True,control
1822,True,2025-11-18,True,treatment
1823,True,2025-11-20,True,control
1824,False,,True,treatment
1825,True,2025-11-21,True,treatment
1826,False,,True,control
1827,False,,True,treatment
1828,False,,True,treatment
1829,False,,True,control
1830,False,,True,treatment
1831,False,,True,control
1832,True,2025-11-23,True,treatment
1833,True,2025-11-24,True,treatment
1834,False,,True,treatment
1835,False,,True,treatment
1836,True,2025-11-20,True,treatment
1837,True,2025-11-26,True,treatment
1838,False,,True,treatment
1839,False,,True,control
1840,False,,True,treatment
1841,True,2025-11-27,True,treatment
1842,False,,True,control
1843,True,2025-11-25,True,control
1844,False,,True,control
1845,False,,True,control
1846,False,,True,control
1847,False,,True,treatment
1848,True,2025-11-24,True,treatment
1849,False,,True,control
1850,False,,True,treatment
1851,False,,True,treatment
1852,True,2025-11-27,True,treatment
1853,False,,True,treatment
1854,True,2025-11-27,True,treatment
1855,False,,True,treatment
1856,False,,True,treatment
1857,True,2025-11-30,True,control
1858,False,,True,treatment
1859,False,,True,control
1860,False,,True,treatment
1861,False,,True,control
1862,False,,True,treatment
1863,False,,True,control
1864,False,,True,control
1865,False,,True,control
1866,False,,True,control
1867,True,2025-11-30,True,control
1868,True,2025-12-02,True,control
1869,False,,True,control
1870,False,,True,treatment
1871,True,2025-12-03,True,treatment
1872,True,2025-12-05,True,treatment
1873,True,2025-12-03,True,treatment
1874,False,,True,control
1875,True,2025-12-06,True,treatment
1876,False,,True,treatment
1877,False,,True,treatment
1878,True,2025-12-03,True,treatment
1879,True,2025-12-04,True,control
1880,False,,True,treatment
1881,False,,True,control
1882,True,2025-12-04,True,treatment
1883,False,,True,control
1884,True,2025-12-05,True,control
1885,False,,True,treatment
1886,True,2025-12-09,True,control
1887,False,,True,treatment
1888,False,,True,control
1889,False,,True,treatment
1890,True,2025-12-08,True,treatment
1891,False,,True,treatment
1892,False,,True,treatment
1893,False,,True,treatment
1894,True,2025-12-05,True,treatment
1895,True,2025-12-05,True,control
1896,True,2025-12-05,True,control
1897,True,2025-12-07,True,control
1898,False,,True,control
1899,True,2025-12-08,True,treatment
1900,False,,True,treatment
1901,False,,True,treatment
1902,False,,True,treatment
1903,True,2025-12-07,True,treatment
1904,False,,True,control
1905,False,,True,control
1906,False,,True,control
1907,False,,True,treatment
1908,False,,True,treatment
1909,False,,True,control
1910,False,,True,treatment
1911,True,2025-12-11,True,control
1912,True,2025-12-15,True,control
1913,True,2025-12-12,True,control
1914,False,,True,control
1915,False,,True,control
1916,True,2025-12-09,True,treatment
1917,False,,True,control
1918,False,,True,treatment
1919,True,2025-12-11,True,treatment
1920,True,2025-12-11,True,treatment
1921,True,2025-12-11,True,treatment
1922,False,,True,control
1923,True,2025-12-11,True,control
1924,True,2025-12-14,True,control
1925,False,,True,control
1926,False,,True,treatment
1927,True,2025-12-11,True,control
1928,False,,True,treatment
1929,False,,True,treatment
1930,False,,True,treatment
1931,True,2025-12-14,True,control
1932,True,2025-12-14,True,treatment
1933,False,,True,treatment
1934,False,,True,control
1935,True,2025-12-12,True,treatment
1936,True,2025-12-17,True,control
1937,True,2025-12-16,True,treatment
1938,False,,True,control
1939,True,2025-12-19,True,treatment
1940,False,,True,control
1941,False,,True,treatment
1942,False,,True,treatment
1943,False,,True,control
1944,True,2025-12-14,True,treatment
1945,True,2025-12-15,True,treatment
1946,False,,True,control
1947,True,2025-12-14,True,treatment
1948,False,,True,treatment
1949,False,,True,treatment
1950,False,,True,control
1951,False,,True,control
1952,True,2025-12-17,True,control
1953,True,2025-12-20,True,control
1954,False,,True,control
1955,False,,True,control
1956,True,2025-12-19,True,treatment
1957,True,2025-12-22,True,treatment
1958,False,,True,control
1959,False,,True,control
1960,False,,True,treatment
1961,False,,True,control
1962,True,2025-12-20,True,treatment
1963,False,,True,treatment
1964,False,,True,control
1965,False,,True,control
1966,False,,True,treatment
1967,False,,True,treatment
1968,True,2025-12-23,True,treatment
1969,False,,True,control
1970,True,2025-12-22,True,control
1971,False,,True,treatment
1972,False,,True,treatment
1973,False,,True,treatment
1974,True,2025-12-23,True,control
1975,False,,True,control
1976,True,2025-12-20,True,control
1977,True,2025-12-25,True,control
1978,False,,True,treatment
1979,True,2025-12-23,True,control
1980,False,,True,treatment
1981,True,2025-12-22,True,treatment
1982,True,2025-12-23,True,control
1983,False,,True,control
1984,True,2025-12-25,True,treatment
1985,False,,True,control
1986,False,,True,control
1987,False,,True,control
1988,False,,True,treatment
1989,False,,True,treatment
1990,True,2025-12-23,True,treatment
1991,True,2025-12-27,True,treatment
1992,False,,True,control
1993,True,2025-12-28,True,treatment
1994,False,,True,treatment
1995,True,2025-12-26,True,treatment
1996,True,2025-12-26,True,treatment
1997,False,,True,treatment
1998,False,,True,control
1999,False,,True,control
2000,False,,True,control
2001,False,,True,control
2002,False,,True,treatment
2003,True,2025-12-27,True,control
2004,True,2025-12-29,True,treatment
2005,False,,True,treatment
2006,False,,True,treatment
2007,False,,True,control
2008,True,2025-12-30,True,treatment
2009,False,,True,treatment
2010,False,,True,control
2011,True,2025-12-29,True,control
2012,False,,True,control
2013,True,2026-01-04,True,control
2014,False,,True,control
2015,True,2025-12-31,True,treatment
2016,True,2026-01-04,True,control
2017,True,2025-12-30,True,control
2018,False,,True,control
2019,False,,True,treatment
2020,True,2026-01-06,True,control
2021,False,,True,treatment
2022,True,2026-01-04,True,control
2023,False,,True,treatment
2024,True,2026-01-01,True,treatment
2025,False,,True,control
2026,False,,True,treatment
