account_id,engagement_propensity,p_activate_true,p_convert_true,p_annual_true,p_late_upgrade_true
1,0.3797,0.3753,0.1422,0.3813,
2,0.4637,0.4257,0.6374,0.5468,
3,0.1932,0.2737,0.1025,0.1217,0.0404
4,0.2589,0.3076,0.5385,0.1899,0.0488
5,0.438,0.41,0.157,0.4956,0.0807
6,0.3745,0.3723,0.1409,0.3715,0.0676
7,0.2282,0.2915,0.1091,0.155,
8,0.4027,0.3889,0.1479,0.4255,0.0732
9,0.4955,0.4452,0.1729,0.6088,0.5162
10,0.5304,0.4669,0.1831,0.6729,0.5423
11,0.289,0.3238,0.5535,0.2298,
12,0.2293,0.292,0.1093,0.1561,
13,0.2958,0.3276,0.1229,0.2395,0.0542
14,0.1642,0.2596,0.0973,0.099,0.0372
15,0.4333,0.4072,0.1558,0.4862,
16,0.3226,0.3425,0.57,0.2807,0.0585
17,0.1015,0.2306,0.46,0.0624,0.031
18,0.2845,0.3214,0.1205,0.2234,0.0525
19,0.1238,0.2406,0.4711,0.0737,0.0331
20,0.1022,0.2309,0.0869,0.0627,0.0311
21,0.1398,0.248,0.0931,0.0829,0.0346
22,0.4288,0.4045,0.1546,0.4772,0.0787
23,0.3109,0.3359,0.5643,0.2622,
24,0.1334,0.245,0.092,0.0791,0.034
25,0.1915,0.2729,0.1022,0.1203,0.0402
26,0.1583,0.2567,0.4883,0.0949,
27,0.4509,0.4179,0.1605,0.5214,0.0836
28,0.3798,0.3754,0.5978,0.3815,
29,0.7964,0.63,0.2762,0.9453,0.7247
30,0.4292,0.4047,0.6213,0.478,
31,0.0334,0.2018,0.0766,0.0372,
32,0.2905,0.3246,0.1218,0.2319,0.0534
33,0.3178,0.3398,0.1278,0.273,0.0577
34,0.2743,0.3158,0.5462,0.2096,
35,0.5679,0.4902,0.6841,0.7353,
36,0.2675,0.3122,0.117,0.2007,0.05
37,0.807,0.6362,0.7774,0.9495,0.731
38,0.4346,0.408,0.6238,0.4888,0.0799
39,0.1229,0.2402,0.0902,0.0732,0.033
40,0.1599,0.2575,0.0965,0.096,0.0367
41,0.569,0.4909,0.1949,0.737,0.5709
42,0.2027,0.2785,0.1042,0.1301,0.0415
43,0.3615,0.3647,0.1378,0.3476,0.0652
44,0.0251,0.1984,0.0754,0.0349,0.0248
45,0.0864,0.224,0.0844,0.0557,0.0297
46,0.2857,0.322,0.1208,0.2251,0.0527
47,0.2482,0.3019,0.113,0.1771,0.0473
48,0.1959,0.2751,0.5071,0.1241,
49,0.3773,0.3739,0.5966,0.3768,0.0682
50,0.3588,0.3631,0.5877,0.3427,0.0647
51,0.6878,0.5648,0.7335,0.8788,
52,0.1676,0.2612,0.493,0.1015,
53,0.134,0.2453,0.0921,0.0795,0.0341
54,0.2025,0.2784,0.1042,0.1299,0.0415
55,0.2828,0.3204,0.1202,0.2211,0.0522
56,0.4222,0.4005,0.1529,0.464,0.0772
57,0.3149,0.3382,0.1271,0.2685,0.0572
58,0.2552,0.3056,0.1145,0.1854,0.0483
59,0.2211,0.2878,0.1077,0.1477,0.0438
60,0.593,0.5059,0.6948,0.7725,
61,0.1364,0.2464,0.0925,0.0809,0.0343
62,0.2775,0.3176,0.1191,0.2139,0.0514
63,0.4278,0.4039,0.6206,0.4752,0.0785
64,0.4851,0.4388,0.1699,0.5888,0.5084
65,0.5626,0.4869,0.6818,0.7269,0.5662
66,0.4865,0.4397,0.1703,0.5915,0.0922
67,0.2301,0.2924,0.5242,0.157,
68,0.136,0.2462,0.0924,0.0806,0.0343
69,0.4185,0.3983,0.6163,0.4567,
70,0.0952,0.2278,0.4569,0.0595,0.0304
71,0.3947,0.3841,0.6049,0.41,
72,0.2438,0.2996,0.531,0.172,0.0467
73,0.2907,0.3247,0.5543,0.2322,
74,0.272,0.3146,0.1179,0.2066,0.0506
75,0.2797,0.3187,0.1195,0.2169,
76,0.3316,0.3476,0.1309,0.2955,0.06
77,0.1456,0.2507,0.094,0.0865,0.0352
78,0.2893,0.324,0.1215,0.2302,0.0532
79,0.3318,0.3477,0.1309,0.2958,0.06
80,0.0808,0.2215,0.0836,0.0534,0.0292
81,0.0507,0.2088,0.0791,0.0424,0.0267
82,0.0602,0.2128,0.0805,0.0456,
83,0.2805,0.3192,0.5493,0.2179,
84,0.0708,0.2172,0.4448,0.0495,0.0283
85,0.1338,0.2452,0.4761,0.0793,
86,0.1896,0.2719,0.504,0.1187,0.04
87,0.3633,0.3657,0.5898,0.3509,0.0656
88,0.3438,0.3545,0.1337,0.3162,0.0621
89,0.064,0.2144,0.081,0.047,0.0278
90,0.1835,0.2689,0.1007,0.1137,0.0393
91,0.3397,0.3522,0.5784,0.3092,
92,0.1591,0.2571,0.0964,0.0954,0.0366
93,0.4803,0.4358,0.645,0.5795,0.0906
94,0.1852,0.2698,0.101,0.1151,0.0395
95,0.5479,0.4778,0.6753,0.703,
96,0.4593,0.423,0.6354,0.5381,0.4891
97,0.1698,0.2623,0.0982,0.1031,0.0378
98,0.2921,0.3255,0.1221,0.2342,0.0536
99,0.2618,0.3091,0.1158,0.1935,0.0492
100,0.5554,0.4824,0.1907,0.7153,
101,0.2885,0.3235,0.5532,0.229,
102,0.1489,0.2523,0.0946,0.0886,0.0356
103,0.2761,0.3168,0.5471,0.251,
104,0.3477,0.3567,0.1346,0.323,0.0627
105,0.1259,0.2416,0.0907,0.0748,0.0333
106,0.3524,0.3594,0.1357,0.3313,0.0636
107,0.2274,0.2911,0.1089,0.1541,0.0446
108,0.1864,0.2704,0.1012,0.116,0.0396
109,0.3034,0.3318,0.5606,0.2508,0.0554
110,0.3924,0.3828,0.1453,0.4055,0.0711
111,0.4726,0.4311,0.6415,0.5644,
112,0.1278,0.2425,0.0911,0.0759,0.0335
113,0.3342,0.349,0.5757,0.3479,
114,0.3875,0.3799,0.1441,0.3961,0.0701
115,0.4758,0.4331,0.643,0.5707,
116,0.5476,0.4776,0.6752,0.7025,
117,0.1172,0.2376,0.0893,0.0702,0.0324
118,0.4606,0.4238,0.1631,0.5407,0.4901
119,0.4047,0.3901,0.1484,0.4295,0.0736
120,0.4134,0.3953,0.1506,0.4466,0.0754
121,0.2113,0.2828,0.1059,0.1381,0.0426
122,0.11,0.2344,0.0881,0.0665,0.0318
123,0.1855,0.2699,0.1011,0.1153,0.0395
124,0.1807,0.2676,0.4995,0.1114,0.039
125,0.3438,0.3545,0.1337,0.3162,0.0621
126,0.1132,0.2358,0.0887,0.0681,0.0321
127,0.4814,0.4365,0.1689,0.5816,0.0909
128,0.0326,0.2014,0.0765,0.0369,0.0254
129,0.322,0.3421,0.5697,0.2798,0.0584
130,0.0763,0.2196,0.0829,0.0516,0.0288
131,0.6738,0.5562,0.2299,0.8663,0.6456
132,0.2561,0.3061,0.5371,0.1865,
133,0.1343,0.2454,0.0921,0.0796,0.0341
134,0.3657,0.3671,0.1388,0.3552,0.066
135,0.1349,0.2457,0.0922,0.08,
136,0.2498,0.3027,0.1134,0.179,0.0475
137,0.3053,0.3328,0.125,0.2536,0.0557
138,0.4125,0.3947,0.6134,0.4995,
139,0.2759,0.3167,0.1187,0.2117,0.0512
140,0.1816,0.268,0.5,0.136,
141,0.5172,0.4586,0.1792,0.6493,0.5325
142,0.4091,0.3927,0.1495,0.4381,0.0745
143,0.3759,0.3731,0.1413,0.3741,0.0679
144,0.1293,0.2431,0.0913,0.0768,0.0336
145,0.1079,0.2334,0.0878,0.0655,0.0316
146,0.1891,0.2717,0.1017,0.1183,0.0399
147,0.0581,0.2119,0.4385,0.0449,0.0273
148,0.2709,0.314,0.1177,0.2051,0.0505
149,0.4937,0.4441,0.1724,0.6054,0.094
150,0.042,0.2053,0.0778,0.0397,0.0261
151,0.5358,0.4702,0.1847,0.6824,0.5463
152,0.4171,0.3975,0.1516,0.4539,0.0762
153,0.1097,0.2342,0.4641,0.0664,0.0317
154,0.3959,0.3848,0.1462,0.4123,0.0718
155,0.3356,0.3498,0.1318,0.3022,0.0606
156,0.2137,0.284,0.1063,0.1404,
157,0.2815,0.3197,0.5498,0.2193,
158,0.6667,0.5518,0.7251,0.8596,0.6407
159,0.4586,0.4226,0.1626,0.5367,0.0854
160,0.636,0.5328,0.7127,0.8564,
161,0.3095,0.3351,0.1259,0.2601,
162,0.2485,0.3021,0.1131,0.1775,0.0474
163,0.1753,0.2649,0.0992,0.1072,0.0384
164,0.2941,0.3266,0.1226,0.2371,0.0539
165,0.1096,0.2342,0.464,0.0663,0.0317
166,0.0198,0.1963,0.0747,0.0335,0.0244
167,0.2283,0.2915,0.1091,0.1551,0.0447
168,0.2649,0.3108,0.5415,0.1974,0.0496
169,0.3984,0.3863,0.1468,0.4171,0.0723
170,0.3702,0.3698,0.1399,0.3635,0.0668
171,0.1685,0.2616,0.098,0.1021,
172,0.1754,0.265,0.4969,0.1073,
173,0.121,0.2393,0.4697,0.0722,0.0328
174,0.2833,0.3207,0.5506,0.2218,0.0523
175,0.3345,0.3492,0.1315,0.3003,0.0605
176,0.2458,0.3006,0.532,0.2082,
177,0.2595,0.3079,0.1153,0.1907,0.0489
178,0.1521,0.2538,0.0952,0.0907,0.0359
179,0.1306,0.2437,0.0915,0.0775,0.0337
180,0.2104,0.2824,0.5144,0.1372,0.0425
181,0.3158,0.3387,0.5667,0.2699,
182,0.4564,0.4212,0.162,0.5864,
183,0.5416,0.4738,0.1865,0.6923,0.107
184,0.4306,0.4056,0.1551,0.4808,0.0791
185,0.1166,0.2373,0.0892,0.0699,0.0324
186,0.3638,0.366,0.5901,0.4033,
187,0.1234,0.2404,0.0903,0.0735,0.033
188,0.6798,0.5599,0.7303,0.8718,0.6497
189,0.3571,0.3622,0.5868,0.3905,
190,0.2062,0.2802,0.5123,0.1333,
191,0.4167,0.3972,0.6154,0.4531,0.0761
192,0.3685,0.3688,0.5923,0.4124,
193,0.1456,0.2507,0.094,0.0865,0.0352
194,0.3619,0.3649,0.5892,0.3483,
195,0.285,0.3216,0.1206,0.2241,0.0526
196,0.5249,0.4634,0.6652,0.6632,
197,0.1312,0.244,0.4748,0.0951,
198,0.0902,0.2256,0.085,0.0573,0.03
199,0.3143,0.3378,0.127,0.2675,0.0571
200,0.1818,0.2681,0.1004,0.1123,0.0391
201,0.3489,0.3574,0.1349,0.3251,0.063
202,0.2666,0.3117,0.1168,0.1996,0.0499
203,0.062,0.2135,0.0807,0.0463,0.0276
204,0.3901,0.3814,0.1448,0.4011,
205,0.2336,0.2943,0.5259,0.1607,0.0454
206,0.1029,0.2312,0.087,0.0631,0.0311
207,0.3571,0.3622,0.1368,0.3396,0.0644
208,0.5825,0.4994,0.6903,0.7574,
209,0.2758,0.3166,0.5469,0.2116,0.0512
210,0.2136,0.284,0.1063,0.1403,0.0429
211,0.1971,0.2757,0.5077,0.1251,
212,0.3283,0.3457,0.1301,0.29,0.0594
213,0.3463,0.3559,0.5816,0.3205,
214,0.4047,0.3901,0.1484,0.4295,0.0736
215,0.1653,0.2601,0.0975,0.0998,0.0373
216,0.3713,0.3704,0.1402,0.3656,0.067
217,0.343,0.3541,0.1335,0.3148,0.0619
218,0.239,0.2971,0.1112,0.1666,0.0461
219,0.3378,0.3511,0.5774,0.3059,0.061
220,0.4959,0.4455,0.173,0.6096,0.0946
221,0.1942,0.2742,0.5063,0.1482,
222,0.1274,0.2423,0.091,0.0757,0.0334
223,0.1783,0.2664,0.4983,0.1096,0.0387
224,0.4558,0.4209,0.1618,0.5311,0.0847
225,0.1831,0.2687,0.1006,0.1134,0.0393
226,0.4377,0.4099,0.157,0.495,0.0806
227,0.1593,0.2572,0.0964,0.0956,0.0366
228,0.1407,0.2484,0.0932,0.0835,
229,0.3569,0.362,0.1367,0.3393,0.0644
230,0.3351,0.3495,0.1317,0.3013,
231,0.159,0.2571,0.4887,0.1161,
232,0.269,0.313,0.1173,0.2027,0.0502
233,0.3516,0.359,0.5842,0.3298,
234,0.4229,0.4009,0.6183,0.4654,
235,0.178,0.2662,0.4982,0.1093,0.0387
236,0.1262,0.2417,0.0908,0.075,0.0333
237,0.2769,0.3172,0.1189,0.2522,
238,0.5215,0.4613,0.1804,0.6571,0.5357
239,0.4226,0.4008,0.6182,0.4648,0.4616
240,0.5207,0.4608,0.6633,0.6556,
241,0.0951,0.2278,0.4568,0.0595,0.0304
242,0.1628,0.2589,0.097,0.098,
243,0.0717,0.2176,0.0822,0.0498,0.0284
244,0.2601,0.3082,0.1155,0.1914,0.049
245,0.0225,0.1974,0.4211,0.0342,0.0246
246,0.5849,0.5009,0.1999,0.7609,0.5825
247,0.415,0.3962,0.6146,0.4497,0.0757
248,0.0796,0.221,0.0834,0.0529,0.0291
249,0.2826,0.3203,0.1201,0.2208,0.0522
250,0.1938,0.274,0.1026,0.1223,0.0405
251,0.1485,0.2521,0.0945,0.0884,0.0355
252,0.3611,0.3645,0.1377,0.3469,0.0652
253,0.5131,0.4561,0.178,0.6418,0.5294
254,0.056,0.211,0.0798,0.0442,0.0271
255,0.5991,0.5097,0.2045,0.7809,0.5928
256,0.1909,0.2726,0.1021,0.1198,0.0401
257,0.1819,0.2681,0.1004,0.1124,0.0391
258,0.2305,0.2927,0.1095,0.1574,0.045
259,0.3989,0.3866,0.147,0.4181,0.0724
260,0.0827,0.2223,0.4507,0.0542,0.0293
261,0.2487,0.3022,0.1131,0.1777,0.0474
262,0.1113,0.235,0.0884,0.0672,0.0319
263,0.1926,0.2734,0.5055,0.1212,
264,0.3147,0.338,0.5661,0.2681,0.0572
265,0.3572,0.3622,0.5869,0.3398,
266,0.0983,0.2292,0.0863,0.0609,0.0307
267,0.2859,0.3221,0.5519,0.2254,
268,0.127,0.2421,0.0909,0.0923,
269,0.2659,0.3113,0.1166,0.1987,
270,0.2763,0.3169,0.1188,0.2123,0.0513
271,0.1268,0.242,0.0909,0.0753,0.0334
272,0.1606,0.2578,0.0966,0.1174,
273,0.2835,0.3208,0.5507,0.2221,
274,0.3057,0.333,0.1251,0.2542,0.0557
275,0.6582,0.5465,0.7217,0.8512,0.6348
276,0.1674,0.2611,0.4929,0.1013,
277,0.071,0.2173,0.0821,0.0496,0.0284
278,0.2141,0.2842,0.5162,0.1408,0.0429
279,0.1691,0.2619,0.0981,0.1026,0.0377
280,0.4831,0.4376,0.1694,0.5849,0.5702
281,0.1819,0.2681,0.1004,0.1124,0.0391
282,0.3803,0.3757,0.598,0.3824,
283,0.1833,0.2688,0.1007,0.1135,0.0393
284,0.7935,0.6283,0.275,0.9441,0.7229
285,0.0812,0.2217,0.0836,0.0536,0.0292
286,0.1666,0.2607,0.0977,0.1008,0.0374
287,0.5717,0.4926,0.1958,0.7411,0.5729
288,0.3186,0.3402,0.1279,0.2743,0.0578
289,0.364,0.3661,0.1384,0.3521,0.0657
290,0.0632,0.214,0.0809,0.0467,0.0277
291,0.1267,0.2419,0.0909,0.0753,0.0333
292,0.4631,0.4253,0.6371,0.5456,
293,0.1711,0.2629,0.4947,0.1041,0.0379
294,0.2462,0.3008,0.1126,0.1748,0.0471
295,0.3381,0.3513,0.1324,0.3064,
296,0.1174,0.2377,0.0893,0.0703,0.0325
297,0.1963,0.2753,0.103,0.1244,0.0408
298,0.2073,0.2808,0.1051,0.1343,
299,0.1431,0.2495,0.4807,0.085,0.035
300,0.2024,0.2783,0.5104,0.1298,0.0415
301,0.3995,0.387,0.6072,0.4193,
302,0.2375,0.2963,0.1109,0.165,0.0459
303,0.1386,0.2474,0.4785,0.0822,0.0345
304,0.235,0.295,0.1104,0.1622,0.0456
305,0.1291,0.2431,0.0913,0.0766,0.0336
306,0.6262,0.5267,0.2135,0.8158,0.6123
307,0.311,0.336,0.5643,0.2624,
308,0.4455,0.4146,0.159,0.5106,0.0824
309,0.3043,0.3322,0.1248,0.2521,0.0555
310,0.1846,0.2695,0.1009,0.1146,0.0394
311,0.0652,0.2149,0.0812,0.0474,0.0279
312,0.3405,0.3526,0.1329,0.3594,
313,0.2954,0.3273,0.1229,0.2389,0.0541
314,0.4983,0.4469,0.1737,0.6141,0.5814
315,0.2481,0.3018,0.113,0.177,0.0473
316,0.3292,0.3462,0.1303,0.2915,0.0596
317,0.0024,0.1896,0.4113,0.0292,
318,0.2225,0.2885,0.108,0.1491,0.044
319,0.1692,0.262,0.0981,0.1027,0.0377
320,0.315,0.3382,0.5663,0.2686,0.0572
321,0.0637,0.2142,0.081,0.0469,0.0278
322,0.1932,0.2737,0.1025,0.1217,0.0404
323,0.1748,0.2647,0.4966,0.1069,0.0383
324,0.329,0.3461,0.1303,0.3385,
325,0.1008,0.2303,0.0867,0.0621,0.0309
326,0.6328,0.5308,0.2157,0.8236,0.617
327,0.193,0.2736,0.1024,0.1216,0.0404
328,0.5116,0.4552,0.1775,0.639,0.5283
329,0.1819,0.2681,0.5001,0.1124,0.0391
330,0.2242,0.2894,0.1083,0.1508,0.0442
331,0.2008,0.2775,0.5096,0.155,
332,0.4674,0.4279,0.165,0.5542,0.0875
333,0.3769,0.3737,0.1415,0.376,0.0681
334,0.1185,0.2382,0.4685,0.0709,
335,0.1593,0.2572,0.0964,0.0956,0.0366
336,0.2699,0.3135,0.1175,0.2038,0.0503
337,0.579,0.4972,0.1981,0.7522,0.5782
338,0.1048,0.232,0.0873,0.064,0.0313
339,0.3156,0.3385,0.1273,0.2696,0.0573
340,0.3456,0.3555,0.5812,0.3688,
341,0.3309,0.3472,0.1307,0.2943,0.0598
342,0.2332,0.2941,0.1101,0.1603,0.0453
343,0.3652,0.3668,0.5907,0.3543,
344,0.2348,0.2949,0.5265,0.162,
345,0.3285,0.3458,0.5729,0.2903,0.0594
346,0.2766,0.3171,0.1189,0.2127,0.0513
347,0.2318,0.2933,0.1098,0.1588,0.0452
348,0.5085,0.4533,0.1766,0.6333,0.5888
349,0.1992,0.2767,0.5088,0.127,
350,0.1198,0.2388,0.0897,0.0715,0.0327
351,0.5696,0.4913,0.1951,0.7379,0.6324
352,0.1641,0.2595,0.4912,0.099,0.0372
353,0.5384,0.4718,0.1855,0.6869,0.6103
354,0.4145,0.3959,0.6144,0.4488,
355,0.218,0.2862,0.1071,0.1446,
356,0.3392,0.3519,0.5781,0.3083,0.0613
357,0.1963,0.2753,0.103,0.1244,0.0408
358,0.0989,0.2294,0.0864,0.0612,0.0308
359,0.2749,0.3161,0.5465,0.2104,
360,0.4751,0.4327,0.1671,0.5693,0.0893
361,0.4022,0.3886,0.1478,0.4246,0.0731
362,0.6248,0.5258,0.7081,0.8141,0.6113
363,0.1779,0.2662,0.0997,0.1092,0.0387
364,0.481,0.4363,0.1688,0.5809,0.5687
365,0.4903,0.442,0.6496,0.6503,
366,0.5864,0.5018,0.2004,0.7631,0.5836
367,0.3493,0.3577,0.135,0.3258,0.063
368,0.2067,0.2805,0.5125,0.1338,0.042
369,0.1937,0.274,0.1026,0.1222,0.0405
370,0.3515,0.3589,0.1355,0.3297,0.0634
371,0.147,0.2514,0.0943,0.1066,
372,0.1956,0.2749,0.1029,0.1238,0.0407
373,0.1141,0.2362,0.0888,0.0686,0.0322
374,0.1354,0.246,0.0923,0.0803,0.0342
375,0.2547,0.3053,0.1144,0.1848,0.0482
376,0.6702,0.554,0.2286,0.8629,0.6431
377,0.1996,0.2769,0.509,0.1273,0.0412
378,0.3004,0.3301,0.1239,0.2463,0.0549
379,0.5654,0.4887,0.1938,0.7723,
380,0.3322,0.3479,0.131,0.2965,0.0601
381,0.1495,0.2526,0.4839,0.089,0.0356
382,0.4439,0.4136,0.6282,0.5074,
383,0.2249,0.2898,0.1085,0.1516,0.0443
384,0.3724,0.371,0.5942,0.3676,0.0672
385,0.2288,0.2918,0.1092,0.1556,0.0448
386,0.1877,0.271,0.503,0.1171,0.0398
387,0.5777,0.4964,0.1977,0.7502,0.5773
388,0.3767,0.3735,0.1415,0.3756,0.0681
389,0.1553,0.2553,0.0957,0.0929,0.0362
390,0.2954,0.3273,0.1229,0.2389,0.0541
391,0.5073,0.4525,0.1763,0.631,0.5251
392,0.5642,0.4879,0.1934,0.7295,0.5674
393,0.2447,0.3001,0.1123,0.1731,0.0468
394,0.5605,0.4856,0.6808,0.7236,
395,0.4669,0.4276,0.6389,0.6066,
396,0.426,0.4028,0.1539,0.4716,0.0781
397,0.1611,0.2581,0.0967,0.0968,
398,0.5959,0.5077,0.696,0.7765,0.5905
399,0.2333,0.2941,0.1101,0.1604,0.0453
400,0.2172,0.2858,0.107,0.1438,0.0433
401,0.1466,0.2512,0.0942,0.0872,0.0353
402,0.2016,0.2779,0.104,0.1291,0.0414
403,0.4053,0.3904,0.61,0.4306,
404,0.124,0.2407,0.0904,0.0738,0.0331
405,0.2407,0.298,0.5295,0.1685,
406,0.0737,0.2185,0.4462,0.0622,
407,0.1924,0.2733,0.1023,0.1211,0.0403
408,0.1998,0.277,0.1037,0.1275,0.0412
409,0.2344,0.2947,0.1103,0.1616,0.0455
410,0.4707,0.43,0.6406,0.5607,0.4976
411,0.2594,0.3078,0.5388,0.2267,
412,0.41,0.3932,0.6122,0.4399,0.0747
413,0.1591,0.2571,0.0964,0.0954,0.0366
414,0.2807,0.3193,0.1197,0.2182,0.0519
415,0.4997,0.4478,0.6539,0.6168,0.5194
416,0.2167,0.2856,0.1069,0.1433,0.0432
417,0.1777,0.2661,0.0997,0.1091,0.0386
418,0.3113,0.3361,0.1263,0.2628,0.0566
419,0.4238,0.4015,0.1533,0.4672,0.0776
420,0.7714,0.6153,0.2663,0.9463,
421,0.2227,0.2886,0.108,0.1493,0.044
422,0.3767,0.3735,0.1415,0.3756,0.0681
423,0.2645,0.3106,0.1164,0.1969,0.0496
424,0.2739,0.3156,0.1183,0.2091,0.0509
425,0.3287,0.3459,0.1302,0.338,
426,0.4267,0.4032,0.1541,0.473,0.4647
427,0.3803,0.3757,0.1424,0.3824,0.0688
428,0.2861,0.3222,0.1209,0.2257,0.0527
429,0.392,0.3825,0.1452,0.4586,
430,0.2023,0.2783,0.5103,0.1297,0.0415
431,0.1208,0.2393,0.0899,0.0721,0.0328
432,0.2042,0.2792,0.5113,0.1315,0.0417
433,0.4315,0.4061,0.6224,0.4826,
434,0.062,0.2135,0.4405,0.057,
435,0.2468,0.3012,0.5325,0.1755,
436,0.4703,0.4297,0.6404,0.5599,0.0882
437,0.3264,0.3446,0.1297,0.2869,0.0591
438,0.1135,0.2359,0.0887,0.0683,0.0321
439,0.3543,0.3605,0.1361,0.3346,0.0639
440,0.3572,0.3622,0.1368,0.3398,0.0644
441,0.1075,0.2333,0.0877,0.0653,0.0315
442,0.1831,0.2687,0.5007,0.1134,
443,0.341,0.3529,0.133,0.3114,0.0616
444,0.0321,0.2012,0.0764,0.0368,0.0253
445,0.1385,0.2474,0.4784,0.0821,0.0345
446,0.293,0.326,0.1223,0.2355,0.0538
447,0.3517,0.359,0.5842,0.33,
448,0.2891,0.3239,0.1215,0.2299,0.0532
449,0.404,0.3897,0.1482,0.4281,0.0734
450,0.1729,0.2638,0.0988,0.1054,0.0381
451,0.2318,0.2933,0.1098,0.1588,0.0452
452,0.3719,0.3707,0.594,0.3667,
453,0.3783,0.3745,0.1419,0.3786,0.0684
454,0.1528,0.2541,0.0953,0.0912,0.036
455,0.2248,0.2897,0.1084,0.1514,0.0443
456,0.3773,0.3739,0.1416,0.3768,0.0682
457,0.2668,0.3118,0.1168,0.1998,0.0499
458,0.0628,0.2139,0.0809,0.0466,0.0277
459,0.4974,0.4464,0.6528,0.6631,
460,0.4446,0.414,0.1588,0.5088,0.0822
461,0.3853,0.3786,0.6004,0.3919,
462,0.1846,0.2695,0.5015,0.1146,
463,0.6125,0.5181,0.2089,0.7987,0.6025
464,0.1713,0.263,0.0985,0.1042,0.0379
465,0.2053,0.2798,0.1047,0.1325,0.0418
466,0.04,0.2044,0.0775,0.0391,0.0259
467,0.6104,0.5168,0.2082,0.796,0.601
468,0.3038,0.332,0.1247,0.2514,0.0554
469,0.0952,0.2278,0.0858,0.0595,0.0304
470,0.1853,0.2698,0.101,0.1151,0.0395
471,0.1007,0.2302,0.0867,0.062,0.0309
472,0.2028,0.2785,0.5106,0.1302,
473,0.143,0.2495,0.0936,0.0849,0.035
474,0.4539,0.4197,0.6329,0.5816,
475,0.2921,0.3255,0.1221,0.2758,
476,0.1773,0.2659,0.0996,0.1088,0.0386
477,0.0865,0.224,0.0844,0.0557,0.0297
478,0.3193,0.3406,0.5684,0.2754,
479,0.2042,0.2792,0.5113,0.1315,0.0417
480,0.1644,0.2597,0.0973,0.0992,0.0372
481,0.1123,0.2354,0.0885,0.0677,0.032
482,0.3622,0.3651,0.138,0.4003,
483,0.2508,0.3033,0.1136,0.1802,0.0477
484,0.2178,0.2861,0.1071,0.1444,0.0434
485,0.4554,0.4206,0.1617,0.5303,0.0847
486,0.4801,0.4357,0.6449,0.6315,
487,0.0447,0.2064,0.0782,0.0405,0.0263
488,0.1253,0.2413,0.0906,0.0745,
489,0.2284,0.2916,0.1091,0.1552,0.0447
490,0.2005,0.2774,0.1038,0.1281,0.0413
491,0.2125,0.2834,0.1061,0.1392,0.0427
492,0.3694,0.3693,0.5928,0.362,0.0667
493,0.2217,0.2881,0.1078,0.1483,0.0439
494,0.3929,0.3831,0.1455,0.4065,0.0712
495,0.5471,0.5218,0.675,0.7016,0.5547
496,0.2398,0.2975,0.529,0.1675,
497,0.1783,0.3027,0.0998,0.1096,0.0387
498,0.296,0.3277,0.123,0.2398,0.0542
499,0.2653,0.3504,0.1165,0.1979,0.0497
500,0.0575,0.2116,0.0801,0.0447,0.0273
501,0.398,0.3861,0.1467,0.4164,0.0722
502,0.3487,0.3573,0.1348,0.3746,
503,0.3828,0.4199,0.143,0.3872,0.0692
504,0.299,0.3293,0.1236,0.2442,0.0547
505,0.3546,0.4028,0.1362,0.3352,
506,0.072,0.2497,0.0822,0.0499,0.0284
507,0.5618,0.4864,0.6814,0.7257,
508,0.3669,0.4102,0.5916,0.3574,
509,0.4754,0.477,0.1672,0.5699,0.5012
510,0.2176,0.3238,0.107,0.1442,0.0433
511,0.0754,0.2192,0.0827,0.0512,0.0287
512,0.2846,0.3214,0.5513,0.264,
513,0.0367,0.2031,0.0771,0.0381,0.0257
514,0.5098,0.4541,0.177,0.6849,
515,0.0387,0.2344,0.0773,0.0387,0.0258
516,0.5835,0.5445,0.1995,0.7588,0.642
517,0.2279,0.3295,0.5231,0.1856,
518,0.1283,0.277,0.4733,0.0762,0.0335
519,0.2034,0.3161,0.1044,0.1307,0.0416
520,0.1648,0.2598,0.0974,0.0995,0.0372
521,0.6056,0.5138,0.7001,0.7897,
522,0.3434,0.3961,0.1336,0.3155,0.062
523,0.4296,0.4486,0.6215,0.5337,
524,0.2902,0.3245,0.1217,0.2315,0.0533
525,0.2575,0.3068,0.1149,0.1882,0.0486
526,0.4778,0.4343,0.1679,0.5746,0.503
527,0.1047,0.232,0.0873,0.0639,0.0313
528,0.2243,0.2895,0.5213,0.1509,
529,0.1002,0.2631,0.0866,0.0618,0.0309
530,0.6766,0.5579,0.7291,0.8689,0.6475
531,0.2051,0.2797,0.5117,0.1596,
532,0.1871,0.2707,0.1014,0.1166,0.0397
533,0.4848,0.4829,0.1698,0.5882,0.0917
534,0.0901,0.2256,0.085,0.0573,0.03
535,0.3398,0.3522,0.1328,0.3093,0.0614
536,0.5507,0.4795,0.1892,0.7509,
537,0.3246,0.3436,0.1293,0.284,0.0588
538,0.5106,0.499,0.6588,0.6372,0.5903
539,0.2148,0.2846,0.1065,0.1415,0.043
540,0.5787,0.497,0.6887,0.7517,0.6387
541,0.224,0.3273,0.1083,0.1506,0.0442
542,0.3241,0.3846,0.1292,0.3298,
543,0.1343,0.28,0.0921,0.0796,0.0341
544,0.233,0.3323,0.11,0.1601,0.0453
545,0.3378,0.3927,0.1323,0.3059,0.061
546,0.0935,0.2271,0.0855,0.0588,0.0303
547,0.2022,0.3154,0.1041,0.1296,0.0415
548,0.4052,0.4336,0.6099,0.4304,
549,0.539,0.4722,0.6714,0.6879,
550,0.3607,0.3642,0.5886,0.3461,0.0651
551,0.0563,0.2424,0.0799,0.0443,0.0272
552,0.0963,0.2283,0.086,0.06,0.0305
553,0.6379,0.578,0.2174,0.8294,0.6206
554,0.351,0.4006,0.5839,0.3288,0.0633
555,0.2527,0.3433,0.1139,0.1824,0.0479
556,0.5627,0.5316,0.6818,0.7685,
557,0.2683,0.3521,0.1171,0.2018,0.0501
558,0.2782,0.3179,0.5481,0.2148,
559,0.5198,0.5048,0.1799,0.654,0.597
560,0.0467,0.2072,0.0785,0.0412,0.0264
561,0.3141,0.3377,0.1269,0.2672,0.0571
562,0.3887,0.4235,0.1444,0.452,
563,0.3572,0.4044,0.1368,0.3398,0.0644
564,0.2443,0.2998,0.1123,0.1726,0.0468
565,0.7279,0.5893,0.2496,0.909,0.6818
566,0.3145,0.3789,0.127,0.2678,0.0571
567,0.201,0.2776,0.1039,0.1286,0.0413
568,0.2758,0.3166,0.1187,0.2116,0.0512
569,0.1627,0.2945,0.4905,0.098,0.037
570,0.1764,0.2655,0.0994,0.1081,0.0385
571,0.1424,0.2492,0.4804,0.0845,
572,0.1302,0.2436,0.0915,0.0773,0.0337
573,0.2278,0.3294,0.109,0.1546,0.0446
574,0.1811,0.3041,0.1003,0.1118,0.039
575,0.4533,0.4633,0.6326,0.5804,
576,0.337,0.3922,0.1321,0.3046,0.0609
577,0.2115,0.3205,0.1059,0.1383,0.0426
578,0.1151,0.2367,0.4668,0.0691,0.0322
579,0.4404,0.4115,0.6266,0.5551,
580,0.4742,0.4763,0.1669,0.5676,0.5637
581,0.5069,0.4967,0.1762,0.6303,0.0974
582,0.3219,0.3833,0.5697,0.2796,0.0583
583,0.4233,0.4447,0.1532,0.4662,0.0775
584,0.2749,0.3161,0.5465,0.2104,
585,0.1008,0.2303,0.0867,0.0621,0.0309
586,0.1623,0.2943,0.0969,0.0977,0.037
587,0.1624,0.2943,0.0969,0.0977,0.037
588,0.6098,0.5164,0.208,0.7952,0.6599
589,0.5166,0.5028,0.6615,0.6482,
590,0.1735,0.3001,0.0989,0.1059,0.0382
591,0.0742,0.2507,0.0826,0.0508,0.0286
592,0.4832,0.4376,0.6464,0.6373,
593,0.2911,0.3653,0.1219,0.2327,0.0535
594,0.495,0.4893,0.6517,0.6079,
595,0.3805,0.3758,0.1424,0.3828,0.0688
596,0.4837,0.4379,0.1695,0.5861,0.0915
597,0.3254,0.3854,0.1295,0.2853,0.0589
598,0.2622,0.3487,0.1159,0.194,0.0492
599,0.0795,0.221,0.0834,0.0529,0.0291
600,0.5997,0.5545,0.6976,0.7818,0.5933
601,0.1574,0.2563,0.0961,0.0943,0.0364
602,0.1777,0.2661,0.498,0.1091,
603,0.2118,0.3206,0.5151,0.1669,
604,0.221,0.2878,0.1077,0.1476,0.0438
605,0.1897,0.272,0.504,0.1188,0.04
606,0.2896,0.3644,0.1216,0.2306,0.0532
607,0.4416,0.456,0.6271,0.5028,
608,0.4092,0.3927,0.6118,0.4383,0.0745
609,0.2682,0.3125,0.1171,0.2016,0.0501
610,0.6261,0.5266,0.7087,0.8156,0.6122
611,0.3416,0.3533,0.1332,0.3124,0.0617
612,0.3501,0.3581,0.1351,0.3272,0.0632
613,0.2539,0.3049,0.1142,0.1838,0.0481
614,0.2823,0.3202,0.5501,0.2204,
615,0.056,0.211,0.0798,0.0442,0.0271
616,0.1824,0.3048,0.1005,0.1128,0.0392
617,0.2592,0.3077,0.5387,0.1903,0.0488
618,0.4036,0.4326,0.1481,0.4273,0.0734
619,0.3993,0.3869,0.6071,0.4731,
620,0.3088,0.3756,0.1258,0.259,
621,0.5554,0.527,0.6786,0.7153,
622,0.3742,0.4146,0.5951,0.371,0.0676
623,0.0501,0.2396,0.4346,0.0423,0.0267
624,0.5025,0.494,0.1749,0.6221,0.0963
625,0.359,0.4054,0.1372,0.3431,0.0648
626,0.2383,0.2967,0.1111,0.1659,0.046
627,0.2864,0.3625,0.1209,0.2261,0.0528
628,0.2537,0.3439,0.1141,0.1836,0.0481
629,0.5448,0.4758,0.1874,0.6978,0.553
630,0.1848,0.2696,0.5016,0.1147,0.0394
631,0.5636,0.5321,0.6822,0.7285,0.6282
632,0.2374,0.3347,0.1109,0.1649,0.0459
633,0.2466,0.3011,0.1127,0.1752,0.0471
634,0.5591,0.5293,0.6802,0.7213,0.625
635,0.2176,0.286,0.107,0.1442,0.0433
636,0.1324,0.2446,0.4754,0.096,
637,0.2199,0.2872,0.1075,0.1465,
638,0.3546,0.4028,0.1362,0.3352,0.064
639,0.3093,0.3759,0.5635,0.2597,
640,0.1682,0.2974,0.098,0.1019,0.0376
641,0.1065,0.2328,0.0876,0.0648,
642,0.2848,0.3215,0.1206,0.2239,0.0525
643,0.2197,0.3249,0.1075,0.1463,0.0436
644,0.2348,0.3333,0.1104,0.162,0.0455
645,0.5827,0.4995,0.1992,0.7577,0.6414
646,0.2348,0.3333,0.1104,0.1941,
647,0.2194,0.3248,0.1074,0.146,0.0436
648,0.1475,0.2516,0.0944,0.0877,0.0354
649,0.1192,0.2385,0.0896,0.0712,0.0326
650,0.4165,0.4405,0.1514,0.4527,0.076
651,0.2884,0.3235,0.1214,0.2289,0.0531
652,0.4107,0.3936,0.1499,0.4412,0.0748
653,0.227,0.329,0.1089,0.1537,0.0445
654,0.2716,0.3144,0.1178,0.2061,
655,0.1588,0.2925,0.0963,0.0952,0.0366
656,0.0391,0.2041,0.0774,0.0388,0.0258
657,0.4695,0.4734,0.1656,0.5583,0.088
658,0.4556,0.4647,0.6336,0.5307,0.0847
659,0.0897,0.2254,0.4541,0.0571,
660,0.3894,0.381,0.1446,0.3998,0.0705
661,0.1455,0.2856,0.094,0.0865,0.0352
662,0.4473,0.4596,0.6298,0.5142,
663,0.3348,0.3494,0.1316,0.3008,0.0605
664,0.1956,0.3119,0.1029,0.1238,0.0407
665,0.2203,0.2874,0.5193,0.1469,0.0437
666,0.3329,0.3898,0.1312,0.2977,0.0602
667,0.4831,0.4376,0.1694,0.5849,0.0913
668,0.069,0.2165,0.0818,0.0488,0.0282
669,0.0202,0.2262,0.0747,0.0336,0.0245
670,0.1685,0.2975,0.4934,0.1241,
671,0.5558,0.5273,0.1908,0.7585,
672,0.5474,0.4774,0.1882,0.7021,0.5549
673,0.0971,0.2286,0.0861,0.0604,0.0306
674,0.5165,0.4582,0.6614,0.6964,
675,0.2132,0.3214,0.1062,0.1399,0.0428
676,0.2644,0.3499,0.5413,0.2338,
677,0.1436,0.2847,0.481,0.0853,0.035
678,0.4032,0.3892,0.148,0.4265,0.0733
679,0.0241,0.198,0.0753,0.0346,0.0247
680,0.2373,0.2962,0.5278,0.1648,
681,0.4417,0.4561,0.6272,0.503,
682,0.5977,0.5089,0.6968,0.779,0.6517
683,0.1261,0.2759,0.0908,0.075,
684,0.2063,0.2803,0.1049,0.1609,
685,0.297,0.3282,0.1232,0.2413,0.0544
686,0.4327,0.4505,0.1556,0.485,0.0795
687,0.3611,0.4067,0.5888,0.3469,
688,0.3988,0.3866,0.1469,0.4179,0.0724
689,0.0646,0.2462,0.0811,0.0472,0.0278
690,0.4072,0.3916,0.1491,0.4344,0.0741
691,0.3402,0.3525,0.5786,0.3588,
692,0.5015,0.4489,0.6547,0.6202,0.096
693,0.3589,0.3632,0.5877,0.3429,0.0648
694,0.1828,0.2686,0.1006,0.1131,0.0392
695,0.1166,0.2711,0.0892,0.0699,0.0324
696,0.2604,0.3477,0.1155,0.1918,0.049
697,0.618,0.5658,0.2107,0.8057,
698,0.111,0.2348,0.0883,0.067,0.0319
699,0.3272,0.3864,0.5723,0.2882,
700,0.2472,0.3014,0.1128,0.1759,0.0472
701,0.6961,0.5699,0.7367,0.9061,
702,0.4553,0.4645,0.6335,0.5301,0.0846
703,0.234,0.3328,0.5261,0.1931,
704,0.0848,0.2233,0.0842,0.055,0.0295
705,0.1518,0.2889,0.0951,0.0905,0.0359
706,0.0423,0.2054,0.0779,0.0398,0.0261
707,0.2475,0.3015,0.5329,0.1763,0.0472
708,0.0903,0.2257,0.085,0.0574,0.03
709,0.062,0.245,0.4405,0.057,
710,0.3751,0.3726,0.1411,0.3726,0.0678
711,0.0844,0.2231,0.0841,0.0549,0.0295
712,0.3324,0.3895,0.1311,0.2968,
713,0.5446,0.4757,0.1874,0.6974,0.1078
714,0.2263,0.3286,0.5223,0.153,0.0444
715,0.2452,0.3391,0.5317,0.2074,
716,0.032,0.2012,0.0764,0.0368,0.0253
717,0.3041,0.3728,0.5609,0.2518,0.0555
718,0.3757,0.4155,0.1412,0.3738,0.0679
719,0.1314,0.2785,0.4749,0.078,0.0338
720,0.4582,0.4663,0.1625,0.5899,
721,0.5117,0.4552,0.1775,0.6392,0.5911
722,0.549,0.523,0.1887,0.7048,0.6179
723,0.0872,0.2243,0.0846,0.056,0.0297
724,0.0904,0.2257,0.085,0.0574,0.03
725,0.5589,0.4846,0.1918,0.721,0.112
726,0.1524,0.2539,0.4854,0.1108,
727,0.0745,0.2188,0.0826,0.0509,0.0287
728,0.2635,0.31,0.1161,0.1957,0.0494
729,0.1865,0.307,0.1012,0.1161,0.0396
730,0.1762,0.3016,0.0994,0.1079,0.0385
731,0.2299,0.3306,0.1094,0.1568,0.0449
732,0.2504,0.342,0.1135,0.1797,0.0476
733,0.037,0.2336,0.0771,0.0382,0.0257
734,0.2581,0.3464,0.115,0.1889,0.0487
735,0.195,0.2746,0.1028,0.1233,0.0406
736,0.359,0.4054,0.5877,0.3941,
737,0.4157,0.3966,0.6149,0.4511,
738,0.1383,0.282,0.0928,0.082,0.0345
739,0.0866,0.2566,0.0845,0.0558,0.0297
740,0.4791,0.4794,0.1682,0.5772,0.0903
741,0.0881,0.2247,0.4534,0.0693,
742,0.1009,0.2634,0.0867,0.0621,0.0309
743,0.3704,0.4123,0.14,0.3639,
744,0.4709,0.4742,0.6407,0.6142,
745,0.0704,0.2171,0.082,0.0607,
746,0.5711,0.4922,0.1956,0.7402,0.6334
747,0.275,0.3162,0.1185,0.2105,0.0511
748,0.2662,0.3509,0.5422,0.1991,0.0498
749,0.1304,0.2436,0.0915,0.0774,
750,0.3997,0.3871,0.1472,0.4739,
751,0.2788,0.3183,0.5484,0.2156,
752,0.2925,0.3257,0.1222,0.2347,0.0537
753,0.2133,0.2838,0.1062,0.14,0.0428
754,0.2732,0.3549,0.1182,0.2082,0.0508
755,0.2734,0.3153,0.1182,0.247,
756,0.1846,0.2695,0.1009,0.1146,0.0394
757,0.1717,0.2632,0.495,0.1045,0.038
758,0.2058,0.3174,0.1048,0.1329,0.0419
759,0.3373,0.3924,0.1322,0.3051,0.0609
760,0.543,0.4747,0.1869,0.6947,0.5517
761,0.397,0.4285,0.606,0.4144,0.072
762,0.2005,0.2774,0.1038,0.1281,0.0413
763,0.2571,0.3066,0.1148,0.1877,0.0485
764,0.3245,0.3848,0.1293,0.2838,0.4519
765,0.3307,0.3885,0.1307,0.294,0.0598
766,0.4624,0.4689,0.1636,0.5443,0.0863
767,0.5218,0.506,0.6638,0.6576,0.5984
768,0.1623,0.2586,0.0969,0.0977,0.037
769,0.189,0.2716,0.1017,0.1182,0.0399
770,0.2338,0.2944,0.1102,0.1609,0.0454
771,0.5365,0.5152,0.1849,0.6836,0.609
772,0.6603,0.5916,0.7226,0.8787,
773,0.6539,0.5439,0.72,0.8732,
774,0.0939,0.2601,0.0856,0.0589,0.0303
775,0.1579,0.292,0.0962,0.0946,
776,0.2213,0.2879,0.5198,0.1479,0.0438
777,0.189,0.3083,0.1017,0.1182,0.0399
778,0.4858,0.4835,0.6475,0.5902,0.5722
779,0.2625,0.3095,0.1159,0.1944,0.0493
780,0.2633,0.3099,0.1161,0.1954,0.0494
781,0.2265,0.3287,0.1088,0.1839,
782,0.5926,0.5057,0.2024,0.7719,0.5881
783,0.3596,0.4058,0.588,0.3441,0.0649
784,0.1698,0.2623,0.0982,0.1031,0.0378
785,0.386,0.4218,0.1438,0.3932,
786,0.412,0.3944,0.6132,0.4438,
787,0.2358,0.2954,0.1106,0.1631,0.0457
788,0.4607,0.4679,0.636,0.5947,
789,0.0527,0.2407,0.0794,0.0431,0.0269
790,0.2124,0.321,0.1061,0.1391,0.0427
791,0.2592,0.3077,0.1153,0.1903,0.0488
792,0.196,0.2751,0.103,0.1242,0.0407
793,0.6066,0.5144,0.7005,0.791,
794,0.1641,0.2595,0.0972,0.099,
795,0.1288,0.2772,0.4736,0.0765,0.0336
796,0.2246,0.2896,0.1084,0.1512,
797,0.1484,0.2871,0.0945,0.0883,0.0355
798,0.6765,0.6013,0.2309,0.8688,0.6475
799,0.4919,0.4873,0.6503,0.6019,0.5767
800,0.307,0.3337,0.1254,0.2562,0.0559
801,0.2283,0.2915,0.1091,0.1551,0.0447
802,0.1843,0.2693,0.5013,0.1143,
803,0.294,0.3669,0.1226,0.2369,0.0539
804,0.268,0.352,0.5431,0.239,
805,0.5769,0.5404,0.1974,0.749,0.5767
806,0.3968,0.3854,0.1464,0.414,0.072
807,0.3566,0.404,0.1367,0.3387,
808,0.1315,0.2786,0.4749,0.078,
809,0.4721,0.475,0.6413,0.6165,
810,0.2215,0.3259,0.5199,0.178,
811,0.0971,0.2616,0.0861,0.0741,
812,0.4074,0.4349,0.1491,0.4348,0.0741
813,0.2137,0.3217,0.1063,0.1404,
814,0.5965,0.5081,0.6963,0.7774,
815,0.3006,0.3708,0.124,0.2466,0.0549
816,0.2557,0.3059,0.1146,0.186,0.0483
817,0.1947,0.2745,0.1027,0.123,
818,0.3486,0.3992,0.1348,0.3246,0.0629
819,0.3907,0.3818,0.603,0.456,
820,0.0713,0.2175,0.0821,0.0497,0.0284
821,0.3159,0.3797,0.5667,0.27,0.0574
822,0.2616,0.309,0.5399,0.1933,0.0492
823,0.065,0.2148,0.0812,0.0473,0.0279
824,0.4302,0.449,0.155,0.48,0.079
825,0.1532,0.2543,0.0953,0.0914,0.036
826,0.0777,0.2202,0.0831,0.0641,
827,0.1095,0.2676,0.464,0.0663,0.0317
828,0.2433,0.338,0.1121,0.1715,0.0467
829,0.5017,0.4935,0.6548,0.6206,
830,0.4696,0.4734,0.1656,0.5585,0.088
831,0.0608,0.213,0.4399,0.0459,
832,0.3396,0.3938,0.1327,0.309,0.0613
833,0.0939,0.2272,0.4562,0.0589,0.0303
834,0.0979,0.229,0.0862,0.0607,0.0307
835,0.2157,0.2851,0.517,0.1713,
836,0.5076,0.4527,0.6574,0.6811,
837,0.0773,0.22,0.448,0.052,
838,0.2936,0.3263,0.1225,0.2363,
839,0.1288,0.2772,0.0912,0.0765,0.0336
840,0.0602,0.2442,0.0805,0.0456,0.0275
841,0.1489,0.2523,0.0946,0.0886,0.0356
842,0.3728,0.3713,0.5944,0.3684,
843,0.2541,0.3441,0.5362,0.1841,0.0481
844,0.0936,0.2271,0.0855,0.0588,0.0303
845,0.0709,0.2173,0.0821,0.0495,0.0284
846,0.5625,0.5314,0.1929,0.7268,0.6274
847,0.6215,0.5679,0.7068,0.81,
848,0.1972,0.3127,0.5078,0.1252,
849,0.2942,0.3671,0.556,0.2792,
850,0.1846,0.2695,0.5015,0.1388,
851,0.2926,0.3661,0.5552,0.2349,0.0537
852,0.5507,0.4795,0.6766,0.7076,0.6191
853,0.3403,0.3525,0.1329,0.3102,0.0615
854,0.3068,0.3336,0.5622,0.2559,
855,0.1831,0.2687,0.5007,0.1134,0.0393
856,0.2555,0.3058,0.1145,0.1858,0.0483
857,0.394,0.3837,0.1457,0.4086,0.0714
858,0.3208,0.3826,0.1284,0.2778,0.0582
859,0.1995,0.2769,0.5089,0.1537,
860,0.0617,0.2134,0.0807,0.0462,
861,0.4294,0.4049,0.6214,0.5333,
862,0.0726,0.218,0.0823,0.0502,0.0285
863,0.5012,0.4487,0.1745,0.6196,0.5835
864,0.0967,0.2285,0.086,0.0602,
865,0.0654,0.215,0.4421,0.0585,
866,0.0284,0.1998,0.0759,0.0442,
867,0.269,0.313,0.1173,0.2027,0.0502
868,0.0841,0.2554,0.0841,0.0547,0.0295
869,0.5503,0.5238,0.6764,0.707,0.6188
870,0.3364,0.3919,0.132,0.3035,0.0608
871,0.2866,0.3627,0.5523,0.2264,
872,0.2719,0.3145,0.1179,0.2064,0.0506
873,0.1483,0.252,0.4833,0.1076,
874,0.243,0.2992,0.5306,0.2046,
875,0.216,0.3229,0.5172,0.1716,
876,0.1433,0.2845,0.0937,0.0851,0.035
877,0.4177,0.3978,0.1517,0.4551,
878,0.137,0.2467,0.0926,0.0812,0.0344
879,0.1324,0.279,0.0918,0.0785,0.0339
880,0.7222,0.5858,0.7467,0.9052,
881,0.14,0.2481,0.4792,0.083,0.0347
882,0.3236,0.3843,0.5705,0.2823,
883,0.177,0.302,0.0995,0.1085,0.0386
884,0.5247,0.4633,0.1814,0.6628,0.6005
885,0.408,0.4353,0.6113,0.4359,0.0743
886,0.1058,0.2325,0.0875,0.0644,0.0314
887,0.2723,0.3147,0.5452,0.207,0.0507
888,0.1464,0.2861,0.0942,0.1061,
889,0.1367,0.2812,0.0925,0.0811,0.0343
890,0.266,0.3508,0.1167,0.1988,0.0498
891,0.0877,0.2245,0.0846,0.0562,0.0298
892,0.3384,0.3931,0.1324,0.3069,0.0611
893,0.0687,0.2481,0.0817,0.0487,0.0282
894,0.1063,0.2327,0.0876,0.0647,0.0314
895,0.5327,0.4683,0.1838,0.677,0.6063
896,0.1531,0.2895,0.4857,0.1113,
897,0.2561,0.3061,0.5371,0.1865,0.0484
898,0.1252,0.2754,0.0906,0.0745,0.0332
899,0.5548,0.5266,0.1905,0.7144,0.622
900,0.0884,0.2574,0.0847,0.0565,0.0298
901,0.3361,0.3917,0.5766,0.303,0.0607
902,0.5896,0.5038,0.2015,0.7677,0.6462
903,0.2659,0.3508,0.1166,0.1987,0.0498
904,0.3508,0.3585,0.1353,0.3284,0.4087
905,0.2557,0.345,0.1146,0.186,0.0483
906,0.1084,0.2671,0.0879,0.0657,0.0316
907,0.0569,0.2114,0.08,0.0445,0.0272
908,0.2123,0.3209,0.106,0.139,0.0427
909,0.1521,0.289,0.0952,0.0907,0.0359
910,0.5209,0.4609,0.1803,0.656,0.1012
911,0.178,0.2662,0.4982,0.1093,0.0387
912,0.2902,0.3245,0.1217,0.2315,0.0533
913,0.0437,0.2367,0.0781,0.0402,0.0262
914,0.3285,0.3458,0.1302,0.2903,0.0594
915,0.2359,0.2955,0.1106,0.1632,0.0457
916,0.4265,0.4031,0.154,0.4726,0.0782
917,0.3795,0.3752,0.1422,0.3809,0.0686
918,0.2679,0.3519,0.1171,0.2389,
919,0.2846,0.3214,0.1205,0.264,
920,0.4143,0.4391,0.6143,0.4484,
921,0.1809,0.304,0.1002,0.1116,0.039
922,0.2157,0.2851,0.1067,0.1423,0.0431
923,0.1361,0.2809,0.0924,0.0807,0.0343
924,0.3002,0.3705,0.559,0.246,0.0549
925,0.405,0.3902,0.6098,0.43,
926,0.2301,0.2924,0.1095,0.157,0.0449
927,0.1371,0.2814,0.0926,0.0993,
928,0.1563,0.2912,0.4873,0.0935,0.0363
929,0.1477,0.2868,0.0944,0.0879,0.0354
930,0.4293,0.4048,0.1547,0.4782,0.0788
931,0.3172,0.3805,0.5674,0.2721,0.0576
932,0.4688,0.4729,0.6397,0.5569,
933,0.2658,0.3507,0.1166,0.1986,0.0498
934,0.5426,0.519,0.673,0.694,
935,0.1908,0.2725,0.102,0.1197,0.0401
936,0.0726,0.218,0.0823,0.0502,0.0285
937,0.5057,0.4515,0.1758,0.6281,0.0971
938,0.5247,0.4633,0.1814,0.6628,0.1022
939,0.3308,0.3886,0.1307,0.2942,0.0598
940,0.4978,0.491,0.1735,0.6132,0.581
941,0.2725,0.3149,0.5453,0.2072,0.0507
942,0.3018,0.3309,0.1242,0.2484,0.0551
943,0.527,0.5093,0.1821,0.6669,0.1029
944,0.3138,0.3785,0.1269,0.2667,0.057
945,0.1474,0.2866,0.0944,0.0877,0.0354
946,0.6174,0.5654,0.2105,0.8049,0.665
947,0.2097,0.3195,0.1055,0.1646,
948,0.4178,0.3979,0.1518,0.4553,0.0763
949,0.1505,0.2882,0.0949,0.0897,0.0357
950,0.1267,0.2762,0.0909,0.0753,0.0333
951,0.0954,0.2608,0.0858,0.0596,0.0304
952,0.0096,0.1924,0.0733,0.0309,0.0237
953,0.2646,0.3106,0.1164,0.197,
954,0.2734,0.3551,0.1182,0.2084,0.0508
955,0.3749,0.3725,0.5954,0.3723,
956,0.556,0.5274,0.1909,0.7163,0.6228
957,0.1927,0.2735,0.1024,0.1213,
958,0.2544,0.3052,0.1143,0.1844,0.0482
959,0.2683,0.3521,0.1171,0.2018,0.0501
960,0.269,0.3525,0.1173,0.2027,0.0502
961,0.3363,0.3918,0.1319,0.3034,0.0608
962,0.2758,0.3166,0.1187,0.2116,0.0512
963,0.2849,0.3216,0.1206,0.224,0.0525
964,0.1543,0.2548,0.0955,0.0922,0.0361
965,0.1456,0.2857,0.094,0.0865,0.0352
966,0.5352,0.4698,0.1845,0.6813,0.6081
967,0.2478,0.3017,0.113,0.1766,0.0473
968,0.5544,0.5264,0.1904,0.7137,
969,0.516,0.4579,0.1788,0.6471,
970,0.0678,0.2477,0.4433,0.0595,
971,0.2316,0.2932,0.1098,0.1586,0.0451
972,0.2754,0.3562,0.5467,0.2111,0.0511
973,0.2144,0.322,0.5164,0.1411,0.043
974,0.3111,0.3769,0.1263,0.2625,0.0566
975,0.3783,0.4171,0.1419,0.3786,0.0684
976,0.4824,0.4371,0.1692,0.5836,0.0911
977,0.1276,0.2424,0.091,0.0758,0.0334
978,0.1235,0.2746,0.0903,0.0735,0.033
979,0.038,0.2341,0.0772,0.0385,0.0258
980,0.1572,0.2562,0.096,0.0941,0.0364
981,0.187,0.2707,0.5027,0.1411,
982,0.2498,0.3417,0.1134,0.179,
983,0.4237,0.4014,0.1533,0.467,0.0776
984,0.1863,0.3069,0.5023,0.116,0.0396
985,0.1363,0.2464,0.0925,0.0808,0.0343
986,0.1728,0.2998,0.0988,0.1053,0.0381
987,0.099,0.2625,0.0864,0.0612,0.0308
988,0.2872,0.3228,0.5526,0.2272,
989,0.027,0.1992,0.0757,0.0354,0.0249
990,0.1346,0.2456,0.0922,0.0798,0.0341
991,0.4607,0.4238,0.636,0.5947,
992,0.2402,0.3363,0.1114,0.168,0.0462
993,0.3859,0.4217,0.1437,0.3931,0.0698
994,0.1013,0.2636,0.0868,0.0623,0.031
995,0.2902,0.3245,0.1217,0.2315,0.4266
996,0.4431,0.457,0.6278,0.5058,0.0818
997,0.1943,0.2743,0.5063,0.1227,
998,0.2049,0.2796,0.1046,0.1321,0.0418
999,0.2273,0.3291,0.1089,0.154,0.0446
1000,0.3533,0.402,0.1359,0.3329,0.4734
1001,0.2456,0.3005,0.1125,0.1741,0.047
1002,0.0875,0.257,0.0846,0.0562,
1003,0.2396,0.336,0.1113,0.1673,0.0462
1004,0.3385,0.3515,0.1325,0.3071,0.0611
1005,0.5031,0.4943,0.1751,0.6232,
1006,0.1987,0.3135,0.1035,0.1265,0.0411
1007,0.2394,0.3358,0.5288,0.1671,
1008,0.3866,0.3794,0.6011,0.4479,
1009,0.3983,0.4293,0.1468,0.417,
1010,0.0649,0.2147,0.4419,0.0583,
1011,0.4114,0.3941,0.1501,0.4973,
1012,0.1849,0.2696,0.5016,0.1148,
1013,0.1308,0.2438,0.0916,0.0776,0.0337
1014,0.4486,0.4604,0.6304,0.5168,
1015,0.2731,0.3549,0.1181,0.208,0.0508
1016,0.4258,0.4027,0.1538,0.4712,0.078
1017,0.2579,0.3462,0.115,0.1887,0.0486
1018,0.0285,0.2299,0.0759,0.0358,0.0251
1019,0.1254,0.2755,0.0907,0.0746,0.0332
1020,0.3409,0.3529,0.5789,0.3112,
1021,0.2832,0.3607,0.5506,0.2618,
1022,0.1729,0.2638,0.0988,0.1054,0.0381
1023,0.2456,0.3393,0.5319,0.1741,0.047
1024,0.1961,0.2752,0.103,0.1242,0.0408
1025,0.4515,0.4182,0.1606,0.5226,0.0838
1026,0.4803,0.4358,0.1686,0.5795,0.0906
1027,0.1192,0.2724,0.0896,0.0712,0.0326
1028,0.1916,0.3097,0.1022,0.1204,0.0402
1029,0.3198,0.382,0.5686,0.2762,
1030,0.3376,0.3926,0.5773,0.3056,0.061
1031,0.303,0.3722,0.1245,0.2502,0.0553
1032,0.689,0.5656,0.2353,0.8798,0.7111
1033,0.4688,0.4288,0.1654,0.5569,0.0878
1034,0.7558,0.6477,0.2602,0.9259,0.7504
1035,0.3924,0.4257,0.1453,0.4055,0.0711
1036,0.5567,0.4832,0.6792,0.7598,
1037,0.112,0.2689,0.0885,0.0675,0.032
1038,0.1124,0.2691,0.4654,0.0677,
1039,0.221,0.3257,0.1077,0.1476,0.0438
1040,0.1496,0.2526,0.0947,0.0891,0.0356
1041,0.2301,0.2924,0.1095,0.157,0.0449
1042,0.2572,0.3458,0.5377,0.1878,0.0486
1043,0.273,0.3548,0.5455,0.2464,
1044,0.5543,0.4818,0.6781,0.7136,0.1107
1045,0.0579,0.2431,0.0801,0.0449,0.0273
1046,0.4789,0.435,0.1682,0.5768,0.0903
1047,0.2496,0.3026,0.1133,0.1787,0.0475
1048,0.2937,0.3264,0.5558,0.2365,0.0539
1049,0.2941,0.367,0.556,0.2371,0.0539
1050,0.1487,0.2522,0.0946,0.0885,
1051,0.1394,0.2478,0.093,0.0827,0.0346
1052,0.615,0.5197,0.7041,0.8345,
1053,0.2545,0.3052,0.1143,0.1846,0.0482
1054,0.5793,0.4974,0.689,0.7912,
1055,0.3194,0.3818,0.1281,0.2756,0.0579
1056,0.5326,0.4682,0.6686,0.6768,
1057,0.0258,0.2287,0.0755,0.0351,0.0249
1058,0.0958,0.261,0.0859,0.0598,0.0305
1059,0.4632,0.4694,0.1638,0.5458,
1060,0.2695,0.3528,0.1174,0.2033,0.0503
1061,0.6924,0.6108,0.7353,0.8826,
1062,0.1246,0.241,0.0905,0.0741,0.0331
1063,0.1487,0.2522,0.0946,0.0885,0.0355
1064,0.3816,0.4191,0.1427,0.3849,
1065,0.1696,0.2622,0.0982,0.1029,0.0378
1066,0.1276,0.2424,0.091,0.0758,0.0334
1067,0.1057,0.2324,0.0875,0.0644,0.0314
1068,0.4871,0.44,0.1705,0.5927,0.0923
1069,0.1824,0.2684,0.5004,0.1128,0.0392
1070,0.3544,0.4027,0.1362,0.3348,0.0639
1071,0.6209,0.5676,0.2117,0.8093,0.6674
1072,0.4034,0.4324,0.1481,0.4269,0.0733
1073,0.2544,0.3052,0.1143,0.1844,0.0482
1074,0.255,0.3446,0.5366,0.1852,0.0482
1075,0.0684,0.2162,0.0817,0.0486,0.0281
1076,0.2636,0.3101,0.1162,0.1958,0.0494
1077,0.2184,0.3242,0.1072,0.145,0.0434
1078,0.2425,0.3376,0.5304,0.1706,
1079,0.5748,0.5391,0.1967,0.7459,0.636
1080,0.3414,0.3531,0.5792,0.3121,0.0616
1081,0.3289,0.346,0.5731,0.3383,
1082,0.1173,0.2377,0.0893,0.0702,0.0325
1083,0.4747,0.4324,0.6425,0.5685,
1084,0.2649,0.3502,0.1164,0.1974,0.0496
1085,0.3189,0.3815,0.128,0.2748,0.0579
1086,0.1723,0.2995,0.0987,0.105,0.0381
1087,0.1861,0.3068,0.1012,0.1158,0.0396
1088,0.4199,0.4426,0.1523,0.4595,0.0768
1089,0.2042,0.3165,0.1045,0.1315,0.0417
1090,0.1136,0.236,0.0887,0.0683,
1091,0.1261,0.2759,0.4722,0.075,0.0333
1092,0.2929,0.326,0.1223,0.2353,0.0537
1093,0.1816,0.268,0.1004,0.1122,0.0391
1094,0.1483,0.2871,0.0945,0.0882,0.0355
1095,0.1089,0.2339,0.4637,0.0809,
1096,0.5187,0.5041,0.1796,0.652,0.5962
1097,0.1879,0.3078,0.1015,0.1173,0.0398
1098,0.1932,0.3106,0.1025,0.1217,0.0404
1099,0.2076,0.3183,0.1052,0.1346,0.0421
1100,0.2833,0.3207,0.1203,0.2218,0.0523
1101,0.0855,0.256,0.0843,0.0553,0.0296
1102,0.5251,0.4636,0.6653,0.6635,0.6008
1103,0.1589,0.2925,0.0963,0.0953,0.0366
1104,0.2578,0.3462,0.115,0.1886,0.0486
1105,0.2344,0.2947,0.1103,0.1936,
1106,0.3857,0.3788,0.6006,0.4461,
1107,0.4046,0.4332,0.6097,0.4293,
1108,0.4984,0.447,0.1737,0.6649,
1109,0.3623,0.3652,0.138,0.349,0.0654
1110,0.2496,0.3026,0.1133,0.1787,0.0475
1111,0.1341,0.2799,0.0921,0.0795,0.0341
1112,0.3515,0.3589,0.1355,0.3297,0.0634
1113,0.0592,0.2124,0.0803,0.0453,0.0274
1114,0.3021,0.3717,0.1243,0.2488,
1115,0.4124,0.3947,0.6134,0.4446,
1116,0.2937,0.3264,0.1225,0.2784,
1117,0.2396,0.336,0.1113,0.2002,
1118,0.312,0.3775,0.1265,0.2639,0.0567
1119,0.1244,0.275,0.0905,0.074,0.0331
1120,0.3226,0.3837,0.57,0.3271,
1121,0.4789,0.435,0.1682,0.5768,0.0903
1122,0.3419,0.3952,0.5794,0.362,
1123,0.3668,0.4101,0.1391,0.3573,0.0662
1124,0.2679,0.3124,0.1171,0.2013,
1125,0.1071,0.2665,0.0877,0.0651,0.0315
1126,0.0894,0.2253,0.0849,0.057,0.0299
1127,0.6032,0.5567,0.2059,0.7865,0.1259
1128,0.0616,0.2134,0.0807,0.0461,0.0276
1129,0.1384,0.2474,0.4784,0.0821,0.0345
1130,0.369,0.3691,0.5926,0.3613,0.0666
1131,0.5579,0.5286,0.1914,0.7194,0.1117
1132,0.1972,0.3127,0.1032,0.1252,0.0409
1133,0.1902,0.309,0.1019,0.1192,0.0401
1134,0.0782,0.2204,0.4484,0.0523,0.029
1135,0.1581,0.2921,0.0962,0.0948,0.0365
1136,0.3069,0.3337,0.1254,0.2561,0.0559
1137,0.1756,0.2651,0.0993,0.1075,0.0384
1138,0.1823,0.2683,0.1005,0.1127,0.0392
1139,0.467,0.4718,0.1649,0.5534,0.0874
1140,0.4544,0.42,0.1614,0.5283,0.0844
1141,0.4589,0.4227,0.1627,0.5373,0.0855
1142,0.2514,0.3426,0.5348,0.1809,0.0478
1143,0.1655,0.296,0.0975,0.1,0.0373
1144,0.4262,0.4465,0.1539,0.472,0.0781
1145,0.1362,0.2809,0.4773,0.0808,
1146,0.3187,0.3403,0.128,0.2745,0.0578
1147,0.2726,0.3149,0.118,0.2074,0.0507
1148,0.1808,0.304,0.1002,0.1115,0.039
1149,0.2472,0.3402,0.1128,0.1759,0.0472
1150,0.1557,0.2555,0.487,0.0931,0.0363
1151,0.5201,0.4605,0.18,0.6546,
1152,0.6807,0.5604,0.2324,0.8726,0.7059
1153,0.1937,0.3109,0.506,0.1477,
1154,0.262,0.3486,0.5401,0.1938,0.0492
1155,0.4319,0.4064,0.1554,0.4834,0.5323
1156,0.4028,0.3889,0.6088,0.4257,
1157,0.3206,0.3825,0.569,0.2775,
1158,0.3401,0.3524,0.1328,0.3098,0.0614
1159,0.1168,0.2712,0.0892,0.07,0.0324
1160,0.1936,0.2739,0.506,0.1221,
1161,0.3008,0.3709,0.5593,0.29,
1162,0.0673,0.2158,0.4431,0.0482,0.0281
1163,0.5342,0.4692,0.1842,0.6796,0.6073
1164,0.2804,0.3591,0.1197,0.2178,0.0519
1165,0.3683,0.3686,0.5922,0.412,
1166,0.4355,0.4085,0.1564,0.4906,0.0801
1167,0.3216,0.3831,0.1286,0.3254,
1168,0.0514,0.2401,0.0792,0.0427,0.0268
1169,0.4765,0.4777,0.1675,0.5721,0.0897
1170,0.2768,0.3172,0.1189,0.2129,0.0513
1171,0.1698,0.2982,0.0982,0.1031,0.0378
1172,0.653,0.5871,0.7196,0.8724,
1173,0.1404,0.2483,0.4794,0.0833,
1174,0.1696,0.2981,0.0982,0.1029,0.0378
1175,0.3374,0.3925,0.1322,0.3052,0.061
1176,0.2406,0.2979,0.1115,0.1684,0.0463
1177,0.4788,0.4792,0.1681,0.5766,0.0903
1178,0.2621,0.3486,0.1159,0.1939,0.0492
1179,0.1724,0.2635,0.4954,0.105,0.0381
1180,0.3583,0.405,0.5874,0.3418,0.0646
1181,0.0333,0.232,0.0766,0.0371,0.0254
1182,0.2725,0.3149,0.5453,0.2456,
1183,0.1349,0.2803,0.4766,0.08,0.0341
1184,0.2211,0.3257,0.1077,0.1477,0.0438
1185,0.2083,0.3187,0.1053,0.1353,0.0422
1186,0.3428,0.3539,0.1334,0.3145,0.0619
1187,0.0019,0.1894,0.0722,0.0291,0.0232
1188,0.0395,0.2348,0.0775,0.039,0.0259
1189,0.3185,0.3402,0.1279,0.2741,0.0578
1190,0.0547,0.2105,0.0797,0.0438,0.027
1191,0.2694,0.3528,0.5438,0.2032,0.0503
1192,0.613,0.5184,0.7032,0.7994,
1193,0.4076,0.3918,0.6111,0.4351,0.0742
1194,0.0548,0.2417,0.0797,0.0438,0.0271
1195,0.3335,0.3902,0.1313,0.2987,
1196,0.3855,0.4215,0.1436,0.3923,0.0698
1197,0.1528,0.2894,0.0953,0.0912,0.036
1198,0.0963,0.2283,0.4574,0.06,
1199,0.2564,0.3062,0.1147,0.1869,0.0484
1200,0.4277,0.4474,0.6206,0.475,0.0784
1201,0.5899,0.5484,0.2015,0.7681,
1202,0.1514,0.2887,0.095,0.0903,0.0358
1203,0.1466,0.2512,0.4825,0.1063,
1204,0.3193,0.3818,0.5684,0.2754,0.0579
1205,0.2882,0.3234,0.1213,0.2697,
1206,0.0661,0.2469,0.0813,0.0477,0.028
1207,0.3998,0.4302,0.1472,0.4199,0.0726
1208,0.3285,0.3872,0.5729,0.3376,
1209,0.1463,0.2861,0.0942,0.087,0.0353
1210,0.4381,0.4539,0.1571,0.4958,0.0807
1211,0.1197,0.2727,0.4691,0.0715,0.0327
1212,0.5417,0.5185,0.1865,0.6925,0.107
1213,0.6525,0.5868,0.2225,0.8453,0.6881
1214,0.2112,0.2828,0.5148,0.138,0.0426
1215,0.2066,0.2804,0.105,0.1337,0.042
1216,0.1915,0.3097,0.1022,0.1203,0.0402
1217,0.5938,0.5064,0.2028,0.7736,
1218,0.1812,0.2678,0.1003,0.1118,0.039
1219,0.4533,0.4633,0.1611,0.5262,0.0842
1220,0.3726,0.4137,0.5943,0.368,
1221,0.1373,0.2468,0.0926,0.0814,0.0344
1222,0.2524,0.3431,0.1139,0.1821,0.0479
1223,0.1483,0.2871,0.0945,0.0882,0.0355
1224,0.3127,0.3369,0.5651,0.265,0.0568
1225,0.2379,0.335,0.5281,0.1654,0.0459
1226,0.4145,0.3959,0.6144,0.4488,
1227,0.056,0.211,0.0798,0.0442,0.0271
1228,0.0421,0.2359,0.0778,0.0397,0.0261
1229,0.139,0.2476,0.0929,0.0824,0.0346
1230,0.2278,0.2913,0.109,0.1546,0.0446
1231,0.286,0.3222,0.552,0.2255,0.0527
1232,0.4347,0.4081,0.1562,0.489,0.08
1233,0.081,0.2539,0.4498,0.0535,0.0292
1234,0.1454,0.2506,0.094,0.0864,0.0352
1235,0.376,0.4157,0.596,0.427,
1236,0.2054,0.3172,0.1047,0.1599,
1237,0.1287,0.2772,0.0912,0.0764,0.0335
1238,0.055,0.2418,0.437,0.0439,0.0271
1239,0.2035,0.2789,0.1044,0.1308,0.0416
1240,0.305,0.3326,0.1249,0.2532,0.0556
1241,0.0567,0.2426,0.4378,0.0444,0.0272
1242,0.2909,0.3651,0.1219,0.2325,0.0534
1243,0.2599,0.3081,0.1154,0.1912,0.0489
1244,0.1485,0.2521,0.0945,0.0884,0.0355
1245,0.4878,0.4848,0.1707,0.594,0.0925
1246,0.1967,0.2755,0.1031,0.1248,0.0408
1247,0.1575,0.2563,0.4879,0.0943,0.0365
1248,0.2457,0.3394,0.1125,0.2081,
1249,0.0931,0.2269,0.0855,0.0586,0.0302
1250,0.2305,0.3309,0.1095,0.1574,0.045
1251,0.0725,0.2499,0.0823,0.0501,0.0285
1252,0.3399,0.3523,0.1328,0.3095,0.0614
1253,0.2304,0.3308,0.5243,0.1573,0.045
1254,0.088,0.2572,0.0847,0.0564,0.0298
1255,0.2174,0.3237,0.107,0.144,0.0433
1256,0.0409,0.2048,0.0777,0.0394,0.026
1257,0.221,0.2878,0.1077,0.1476,0.0438
1258,0.1054,0.2323,0.4619,0.0643,
1259,0.2819,0.3599,0.5499,0.2199,
1260,0.0942,0.2602,0.0856,0.0591,0.0303
1261,0.083,0.2549,0.0839,0.0543,0.0294
1262,0.0553,0.2107,0.4372,0.044,0.0271
1263,0.046,0.2377,0.0784,0.0409,0.0264
1264,0.2203,0.3253,0.1076,0.1469,0.0437
1265,0.2954,0.3678,0.5566,0.2389,0.0541
1266,0.0953,0.2607,0.0858,0.0596,0.0304
1267,0.2374,0.2962,0.1109,0.1649,0.0459
1268,0.1998,0.277,0.1037,0.1275,0.0412
1269,0.3762,0.4158,0.1414,0.3747,0.068
1270,0.1271,0.2764,0.0909,0.0755,0.0334
1271,0.191,0.3094,0.1021,0.145,
1272,0.1338,0.2452,0.0921,0.0793,0.034
1273,0.1748,0.3008,0.0991,0.1069,0.0383
1274,0.1119,0.2688,0.0885,0.0675,0.0319
1275,0.1782,0.2663,0.0997,0.1095,0.0387
1276,0.3288,0.3874,0.1302,0.3381,
1277,0.537,0.471,0.1851,0.6845,0.6093
1278,0.3247,0.3437,0.1293,0.2841,
1279,0.3247,0.3849,0.571,0.2841,
1280,0.3694,0.4117,0.1397,0.362,0.0667
1281,0.3016,0.3714,0.5597,0.2913,
1282,0.4193,0.4422,0.1522,0.4583,0.0766
1283,0.1684,0.2975,0.098,0.1021,0.0376
1284,0.5221,0.4617,0.6639,0.6582,0.1015
1285,0.6203,0.5672,0.2115,0.8086,
1286,0.4328,0.4069,0.1557,0.4852,0.5329
1287,0.6712,0.5981,0.7269,0.8639,
1288,0.1012,0.2304,0.4599,0.0623,
1289,0.4946,0.4447,0.6516,0.6071,
1290,0.2281,0.2914,0.1091,0.1549,0.0447
1291,0.6017,0.5557,0.6985,0.7845,0.6544
1292,0.214,0.2842,0.1064,0.1407,0.0429
1293,0.3004,0.3707,0.1239,0.2463,0.0549
1294,0.0786,0.2206,0.4486,0.0646,
1295,0.3548,0.3608,0.1362,0.3355,0.064
1296,0.3893,0.4238,0.6023,0.3996,0.0705
1297,0.0168,0.2247,0.0743,0.0404,
1298,0.1585,0.2568,0.4884,0.1157,
1299,0.3204,0.3412,0.1283,0.2772,0.0581
1300,0.2228,0.2887,0.5206,0.1795,
1301,0.1653,0.2601,0.0975,0.0998,
1302,0.2374,0.3347,0.5278,0.1649,
1303,0.3032,0.3316,0.5605,0.2505,
1304,0.2093,0.2818,0.5138,0.1362,
1305,0.2243,0.2895,0.1083,0.1509,0.0442
1306,0.2405,0.2979,0.1115,0.1683,0.0463
1307,0.3461,0.3977,0.1342,0.3202,0.0625
1308,0.425,0.4022,0.1536,0.4696,0.5271
1309,0.389,0.4236,0.1445,0.399,0.0704
1310,0.4129,0.4383,0.6136,0.4456,
1311,0.1938,0.274,0.5061,0.1223,0.0405
1312,0.5414,0.5183,0.6725,0.692,
1313,0.1005,0.2633,0.0866,0.0619,0.0309
1314,0.3943,0.3839,0.1458,0.4092,0.0715
1315,0.2739,0.3553,0.546,0.2091,
1316,0.5486,0.5228,0.1886,0.7041,0.109
1317,0.3113,0.377,0.5645,0.2628,0.0566
1318,0.5507,0.5241,0.1892,0.7076,
1319,0.0823,0.2222,0.4505,0.054,0.0293
1320,0.3832,0.3774,0.1431,0.3879,0.0693
1321,0.4242,0.4017,0.6189,0.468,0.0777
1322,0.0717,0.2495,0.0822,0.0498,0.0284
1323,0.0467,0.238,0.0785,0.0412,0.0264
1324,0.4156,0.3966,0.1512,0.4509,
1325,0.1665,0.2965,0.0977,0.1007,0.0374
1326,0.5404,0.4731,0.1861,0.6903,0.1066
1327,0.2365,0.3342,0.1107,0.1639,0.0458
1328,0.1785,0.3028,0.4984,0.1097,0.0387
1329,0.1423,0.284,0.0935,0.0845,0.0349
1330,0.0554,0.242,0.0798,0.044,0.0271
1331,0.6181,0.5658,0.7053,0.8379,
1332,0.0978,0.2289,0.4582,0.0607,
1333,0.2275,0.3292,0.109,0.1542,0.0446
1334,0.3662,0.4098,0.5912,0.3562,0.0661
1335,0.277,0.3173,0.5475,0.2132,0.0514
1336,0.0267,0.1991,0.0756,0.0353,0.0249
1337,0.2961,0.3682,0.557,0.24,0.0542
1338,0.4792,0.4794,0.6445,0.5774,
1339,0.6158,0.5202,0.21,0.8029,0.1302
1340,0.2183,0.3242,0.5183,0.1743,
1341,0.2402,0.3363,0.1114,0.168,0.0462
1342,0.3282,0.3456,0.5727,0.2899,0.0594
1343,0.3762,0.3733,0.5961,0.4274,
1344,0.2743,0.3158,0.1184,0.2096,0.051
1345,0.0812,0.254,0.4499,0.0536,0.0292
1346,0.3285,0.3872,0.1302,0.2903,0.0594
1347,0.3015,0.3307,0.5596,0.2479,0.0551
1348,0.3411,0.353,0.579,0.3115,
1349,0.4219,0.4003,0.6179,0.4634,0.0772
1350,0.1109,0.2683,0.0883,0.067,0.0319
1351,0.1368,0.2812,0.0926,0.0811,0.0343
1352,0.3607,0.3642,0.5886,0.3974,
1353,0.6124,0.518,0.703,0.7986,
1354,0.1212,0.2394,0.09,0.0885,
1355,0.4372,0.4533,0.6251,0.494,0.0805
1356,0.3665,0.41,0.139,0.3567,0.0661
1357,0.1886,0.3081,0.1016,0.1179,0.0399
1358,0.1952,0.2747,0.1028,0.1235,0.0406
1359,0.0069,0.2204,0.0729,0.0303,0.0235
1360,0.0565,0.2425,0.0799,0.0444,0.0272
1361,0.0884,0.2574,0.0847,0.0565,0.0298
1362,0.2994,0.3295,0.5586,0.2877,
1363,0.3447,0.355,0.1339,0.3178,0.0622
1364,0.1904,0.3091,0.102,0.1194,0.0401
1365,0.4769,0.4338,0.1676,0.5729,0.0898
1366,0.2746,0.3557,0.1184,0.21,0.051
1367,0.1816,0.3044,0.1004,0.1122,0.0391
1368,0.1164,0.2373,0.0892,0.0698,0.0324
1369,0.0712,0.2493,0.0821,0.0496,0.0284
1370,0.3976,0.3859,0.1466,0.4156,0.0721
1371,0.2681,0.352,0.1171,0.2015,0.0501
1372,0.5836,0.5445,0.6908,0.759,
1373,0.0888,0.225,0.4537,0.0567,
1374,0.1217,0.2397,0.09,0.0726,0.0329
1375,0.6087,0.5157,0.7014,0.8274,
1376,0.0336,0.2018,0.0766,0.0372,0.0254
1377,0.4653,0.4267,0.1644,0.55,0.087
1378,0.1107,0.2347,0.0883,0.0669,0.0318
1379,0.1441,0.25,0.0938,0.0856,0.0351
1380,0.2676,0.3122,0.5429,0.2009,0.05
1381,0.3488,0.3993,0.1348,0.3249,0.0629
1382,0.1006,0.2302,0.0867,0.062,0.0309
1383,0.2268,0.2907,0.1088,0.1535,0.0445
1384,0.0702,0.2488,0.4445,0.0606,
1385,0.5497,0.5235,0.1889,0.706,0.6184
1386,0.2476,0.3016,0.5329,0.1764,0.0472
1387,0.285,0.3216,0.1206,0.2241,0.0526
1388,0.2913,0.3251,0.5546,0.233,
1389,0.5185,0.504,0.1795,0.6517,0.1005
1390,0.0114,0.2224,0.0735,0.0314,0.0238
1391,0.2686,0.3128,0.1172,0.2022,0.0502
1392,0.3386,0.3932,0.1325,0.3073,0.0612
1393,0.2492,0.3413,0.1132,0.1783,0.0475
1394,0.2114,0.2829,0.1059,0.1382,0.0426
1395,0.252,0.3039,0.1138,0.1816,0.0478
1396,0.2701,0.3136,0.1175,0.2041,0.0504
1397,0.0812,0.2217,0.0836,0.0536,
1398,0.324,0.3433,0.5707,0.283,0.0587
1399,0.2638,0.3496,0.1162,0.196,0.0495
1400,0.101,0.2304,0.0867,0.0622,0.0309
1401,0.2768,0.357,0.1189,0.2521,
1402,0.4738,0.4319,0.1668,0.5668,
1403,0.6125,0.5624,0.2089,0.7987,0.129
1404,0.4446,0.4579,0.1588,0.5088,0.0822
1405,0.0409,0.2354,0.0777,0.0394,0.026
1406,0.0909,0.2586,0.0851,0.0576,0.0301
1407,0.1948,0.3114,0.1028,0.1231,0.0406
1408,0.2723,0.3544,0.118,0.207,0.0507
1409,0.3766,0.3735,0.5963,0.4282,
1410,0.2082,0.2812,0.1053,0.1352,0.0422
1411,0.1664,0.2964,0.0976,0.1006,0.0374
1412,0.14,0.2828,0.4792,0.1014,
1413,0.298,0.3693,0.1234,0.2427,0.0545
1414,0.1369,0.2467,0.0926,0.0812,0.0343
1415,0.1575,0.2563,0.4879,0.0943,0.0365
1416,0.1213,0.2735,0.09,0.0723,
1417,0.2303,0.3308,0.5243,0.1572,0.045
1418,0.6134,0.5187,0.2092,0.7999,0.6623
1419,0.3199,0.341,0.5687,0.2764,
1420,0.1699,0.2623,0.4941,0.1032,
1421,0.3262,0.3445,0.1297,0.2866,0.0591
1422,0.5697,0.5359,0.6848,0.7381,
1423,0.3339,0.3904,0.1314,0.2993,0.0604
1424,0.4788,0.4349,0.6443,0.6291,
1425,0.3169,0.3803,0.5672,0.3172,
1426,0.3036,0.3725,0.1246,0.2511,0.0554
1427,0.1942,0.2742,0.5063,0.1226,
1428,0.2942,0.3671,0.1226,0.2372,0.0539
1429,0.5572,0.4836,0.6794,0.7183,
1430,0.0604,0.2443,0.0805,0.0457,0.0275
1431,0.6985,0.6144,0.2388,0.8876,0.7169
1432,0.1552,0.2906,0.0957,0.0928,0.0362
1433,0.5251,0.4636,0.6653,0.6635,0.1023
1434,0.3847,0.3782,0.1434,0.3908,0.0696
1435,0.3776,0.4167,0.1417,0.3773,
1436,0.2287,0.3299,0.5235,0.1555,
1437,0.1443,0.2501,0.4813,0.0857,
1438,0.3918,0.3824,0.1452,0.4044,0.071
1439,0.4192,0.3987,0.1521,0.4581,0.0766
1440,0.5528,0.5254,0.6775,0.7111,0.1102
1441,0.1467,0.2863,0.0942,0.0872,0.0353
1442,0.3951,0.3844,0.6051,0.4648,
1443,0.2978,0.3287,0.1234,0.2425,0.0545
1444,0.558,0.4841,0.6798,0.7196,
1445,0.1602,0.2576,0.4893,0.0962,0.0367
1446,0.3039,0.332,0.1247,0.2515,0.0554
1447,0.3968,0.4284,0.1464,0.414,0.072
1448,0.3219,0.3421,0.1287,0.2796,0.0583
1449,0.0287,0.1999,0.0759,0.0358,0.0251
1450,0.4479,0.416,0.6301,0.5154,
1451,0.3243,0.3847,0.1292,0.2835,0.0587
1452,0.0394,0.2042,0.4293,0.0389,
1453,0.2501,0.3418,0.5342,0.1793,0.0476
1454,0.2301,0.3307,0.1095,0.157,0.0449
1455,0.3589,0.3632,0.1372,0.3429,0.0648
1456,0.0324,0.2014,0.0764,0.0369,0.0253
1457,0.235,0.3334,0.1104,0.1622,0.0456
1458,0.0894,0.2579,0.0849,0.057,0.0299
1459,0.2656,0.3506,0.1166,0.1983,0.0497
1460,0.4432,0.4132,0.6279,0.5606,
1461,0.3405,0.3526,0.5788,0.3594,
1462,0.3269,0.3862,0.1298,0.2877,0.0592
1463,0.4079,0.4352,0.1492,0.4357,0.0742
1464,0.0407,0.2047,0.0776,0.0393,0.026
1465,0.2861,0.3222,0.552,0.2257,0.0527
1466,0.2343,0.333,0.1103,0.1615,0.0455
1467,0.4031,0.4323,0.148,0.4263,0.0733
1468,0.0592,0.2124,0.4391,0.0558,
1469,0.2681,0.352,0.1171,0.2015,0.0501
1470,0.2208,0.2877,0.5196,0.1474,
1471,0.0174,0.1954,0.0744,0.0328,0.0243
1472,0.5234,0.4625,0.181,0.6605,0.1019
1473,0.1019,0.2308,0.0869,0.0626,0.031
1474,0.4616,0.4684,0.1634,0.5427,0.0861
1475,0.2167,0.3233,0.5175,0.1433,0.0432
1476,0.312,0.3365,0.5648,0.3087,
1477,0.2778,0.3177,0.1191,0.2143,0.0515
1478,0.3288,0.3874,0.1302,0.2908,0.0595
1479,0.3945,0.384,0.6048,0.4636,
1480,0.2837,0.361,0.5508,0.2626,
1481,0.6051,0.5578,0.6999,0.789,0.1266
1482,0.1947,0.2745,0.1027,0.123,0.0406
1483,0.3279,0.3455,0.13,0.2894,0.0593
1484,0.3056,0.333,0.5617,0.2541,
1485,0.2125,0.321,0.1061,0.1392,0.0427
1486,0.3673,0.4104,0.1392,0.3582,0.0663
1487,0.4019,0.4315,0.1477,0.424,0.073
1488,0.0931,0.2269,0.0855,0.0586,0.0302
1489,0.1121,0.2689,0.0885,0.0676,0.032
1490,0.1284,0.277,0.0912,0.0762,0.0335
1491,0.339,0.3934,0.1326,0.308,0.0612
1492,0.1549,0.2905,0.0956,0.0926,0.0362
1493,0.2036,0.3162,0.1044,0.1309,0.0416
1494,0.4522,0.4626,0.1608,0.524,0.0839
1495,0.6705,0.5977,0.7266,0.8872,
1496,0.2015,0.2779,0.5099,0.1558,
1497,0.3288,0.3874,0.573,0.2908,0.0595
1498,0.0909,0.2586,0.0851,0.0576,0.0301
1499,0.1241,0.2749,0.0904,0.0739,0.0331
1500,0.3186,0.3402,0.1279,0.2743,0.0578
1501,0.5824,0.5438,0.1991,0.7572,0.1192
1502,0.0556,0.2421,0.4373,0.0543,
1503,0.6371,0.5775,0.7132,0.8285,0.678
1504,0.8749,0.7124,0.3086,0.97,0.8113
1505,0.1202,0.239,0.0898,0.0878,
1506,0.1572,0.2917,0.096,0.0941,0.0364
1507,0.3995,0.4301,0.1471,0.4193,0.0725
1508,0.6114,0.5617,0.7025,0.7973,
1509,0.1633,0.2591,0.0971,0.1197,
1510,0.2295,0.2921,0.1093,0.1563,0.0449
1511,0.4112,0.4372,0.1501,0.4422,0.0749
1512,0.1614,0.2582,0.0968,0.097,0.0369
1513,0.2103,0.3198,0.1057,0.1371,0.0425
1514,0.286,0.3222,0.1208,0.2255,0.0527
1515,0.5739,0.494,0.1964,0.7445,0.1166
1516,0.3626,0.3653,0.1381,0.401,
1517,0.0948,0.2605,0.0857,0.0593,0.0304
1518,0.2961,0.3682,0.123,0.24,0.0542
1519,0.1506,0.2531,0.0949,0.0897,0.0357
1520,0.1127,0.2356,0.0886,0.0679,0.032
1521,0.2335,0.2942,0.1101,0.1606,0.0454
1522,0.5137,0.501,0.1781,0.6429,0.0992
1523,0.3838,0.4205,0.1432,0.3891,0.0694
1524,0.0687,0.2164,0.0817,0.0487,0.0282
1525,0.2343,0.2946,0.1103,0.1615,
1526,0.1746,0.2646,0.0991,0.1295,
1527,0.1182,0.2381,0.4683,0.0707,
1528,0.0577,0.2117,0.0801,0.0448,0.0273
1529,0.5894,0.5481,0.6933,0.7674,
1530,0.1457,0.2857,0.482,0.0866,0.0352
1531,0.4595,0.4671,0.6354,0.5385,0.0856
1532,0.4458,0.4586,0.6291,0.5112,0.0824
1533,0.0807,0.2215,0.0836,0.0533,0.0292
1534,0.4444,0.4139,0.1587,0.5084,0.0821
1535,0.6193,0.5666,0.7058,0.8073,0.1314
1536,0.6904,0.5664,0.2358,0.881,0.7119
1537,0.2309,0.2929,0.5246,0.1578,0.045
1538,0.4842,0.4382,0.6468,0.5871,0.0916
1539,0.103,0.2645,0.4607,0.0631,0.0311
1540,0.1842,0.3058,0.1008,0.1142,0.0394
1541,0.4928,0.4879,0.1721,0.6037,
1542,0.2617,0.3091,0.5399,0.1934,
1543,0.2024,0.3155,0.1042,0.1298,0.0415
1544,0.2321,0.2935,0.1099,0.1591,
1545,0.2905,0.3649,0.5542,0.2319,0.0534
1546,0.5363,0.5151,0.1848,0.6832,0.1055
1547,0.3222,0.3423,0.5698,0.2801,0.0584
1548,0.2798,0.3188,0.1195,0.217,0.0518
1549,0.1876,0.271,0.503,0.1417,
1550,0.273,0.3548,0.1181,0.2079,0.0508
1551,0.3206,0.3414,0.569,0.2775,0.0581
1552,0.3171,0.3394,0.1276,0.2719,0.0576
1553,0.3697,0.3695,0.1398,0.3626,0.0667
1554,0.4385,0.4541,0.6257,0.5513,
1555,0.2612,0.3481,0.1157,0.1928,0.0491
1556,0.3651,0.3668,0.1387,0.3541,0.0659
1557,0.185,0.2697,0.101,0.1149,
1558,0.1876,0.271,0.503,0.1417,
1559,0.2572,0.3458,0.1149,0.1878,0.0486
1560,0.112,0.2353,0.0885,0.0675,
1561,0.4794,0.4353,0.1683,0.5777,0.0904
1562,0.1086,0.2337,0.0879,0.0658,0.0316
1563,0.1824,0.2684,0.1005,0.1128,0.0392
1564,0.0832,0.2226,0.0839,0.0544,0.0294
1565,0.1092,0.234,0.088,0.0661,0.0317
1566,0.6839,0.5624,0.7319,0.8754,
1567,0.0895,0.2253,0.0849,0.057,0.0299
1568,0.3377,0.351,0.1323,0.3057,0.061
1569,0.0722,0.2178,0.4455,0.05,0.0285
1570,0.0373,0.2033,0.0771,0.0383,0.0257
1571,0.1618,0.2584,0.4901,0.1184,
1572,0.1682,0.2615,0.098,0.1019,0.0376
1573,0.1643,0.2953,0.4913,0.0991,0.0372
1574,0.29,0.3646,0.1217,0.2312,0.0533
1575,0.1132,0.2695,0.0887,0.0681,0.0321
1576,0.087,0.2242,0.4528,0.056,0.0297
1577,0.3139,0.3786,0.1269,0.2669,0.057
1578,0.28,0.3189,0.1196,0.2173,0.0518
1579,0.3791,0.4176,0.5975,0.4331,
1580,0.1193,0.2386,0.0897,0.0713,0.0326
1581,0.1567,0.2914,0.096,0.0938,0.0364
1582,0.347,0.3563,0.1344,0.3715,
1583,0.4074,0.3917,0.1491,0.4348,0.0741
1584,0.0431,0.2057,0.078,0.04,0.0261
1585,0.354,0.3604,0.1361,0.3341,0.0639
1586,0.2902,0.3647,0.5541,0.2315,
1587,0.2325,0.332,0.5254,0.1595,0.0452
1588,0.4738,0.4319,0.642,0.6197,
1589,0.2394,0.3358,0.1113,0.1671,0.0461
1590,0.4708,0.4742,0.1659,0.5609,0.0883
1591,0.1991,0.3138,0.1036,0.1269,0.0411
1592,0.1151,0.2704,0.089,0.0691,0.0322
1593,0.4473,0.4596,0.6298,0.5142,
1594,0.4477,0.4159,0.1596,0.515,0.544
1595,0.0885,0.2249,0.4536,0.0566,
1596,0.2157,0.2851,0.1067,0.1423,0.0431
1597,0.4108,0.3937,0.15,0.4414,0.0748
1598,0.0739,0.2506,0.4463,0.0507,0.0286
1599,0.478,0.4787,0.644,0.6276,
1600,0.1658,0.2603,0.0975,0.1002,0.0373
1601,0.3704,0.4123,0.14,0.3639,0.0669
1602,0.4007,0.3877,0.6078,0.4216,
1603,0.1086,0.2672,0.4635,0.0807,
1604,0.1818,0.3045,0.1004,0.1362,
1605,0.5745,0.4944,0.1966,0.7454,
1606,0.5013,0.4932,0.1745,0.6198,
1607,0.324,0.3845,0.5707,0.3296,
1608,0.2071,0.2807,0.1051,0.1341,0.0421
1609,0.4184,0.4417,0.1519,0.4565,0.5222
1610,0.3371,0.3507,0.5771,0.3047,0.0609
1611,0.069,0.2165,0.0818,0.0488,0.0282
1612,0.4772,0.4782,0.6436,0.5734,
1613,0.449,0.4606,0.6306,0.5176,0.0832
1614,0.04,0.235,0.0775,0.0391,0.0259
1615,0.4139,0.4389,0.1508,0.4476,0.0755
1616,0.2781,0.3179,0.5481,0.2147,
1617,0.167,0.2967,0.4927,0.101,0.0375
1618,0.3063,0.3334,0.562,0.2552,
1619,0.0739,0.2506,0.0825,0.0507,0.0286
1620,0.2604,0.3477,0.1155,0.1918,0.049
1621,0.1515,0.2535,0.0951,0.1101,
1622,0.0577,0.243,0.0801,0.0448,0.0273
1623,0.0973,0.2617,0.4579,0.0742,
1624,0.2566,0.3063,0.1147,0.1871,0.0485
1625,0.2428,0.3377,0.112,0.2043,
1626,0.1664,0.2964,0.0976,0.1006,0.0374
1627,0.1241,0.2749,0.0904,0.0739,0.0331
1628,0.2894,0.324,0.1216,0.2303,0.0532
1629,0.3151,0.3383,0.5663,0.2688,
1630,0.4032,0.4323,0.609,0.4809,
1631,0.1934,0.3107,0.5059,0.1474,
1632,0.3667,0.3677,0.1391,0.4089,
1633,0.3038,0.3726,0.1247,0.2514,0.0554
1634,0.0323,0.2013,0.0764,0.0369,0.0253
1635,0.4053,0.4336,0.61,0.4306,0.0737
1636,0.3373,0.3924,0.5772,0.3535,
1637,0.0516,0.2402,0.0792,0.0527,
1638,0.1057,0.2324,0.0875,0.0644,0.0314
1639,0.53,0.4666,0.183,0.6722,0.1037
1640,0.1392,0.2477,0.093,0.0826,0.0346
1641,0.1013,0.2305,0.0868,0.0623,0.031
1642,0.0598,0.2126,0.0804,0.0455,0.0275
1643,0.0687,0.2481,0.0817,0.0487,0.0282
1644,0.4015,0.4313,0.1476,0.4775,
1645,0.2884,0.3637,0.5532,0.2289,
1646,0.3635,0.3659,0.1383,0.3512,0.0656
1647,0.1519,0.2889,0.0951,0.0906,0.0359
1648,0.2126,0.2835,0.1061,0.1393,0.0427
1649,0.4083,0.4355,0.1493,0.4365,0.0743
1650,0.1247,0.2752,0.0905,0.0742,0.0332
1651,0.2516,0.3037,0.1137,0.1811,0.0478
1652,0.1282,0.2426,0.4733,0.0761,0.0335
1653,0.2156,0.3227,0.1067,0.1422,0.0431
1654,0.2404,0.2978,0.1115,0.1682,0.0463
1655,0.193,0.3105,0.1024,0.1216,0.0404
1656,0.3323,0.3895,0.131,0.2967,0.0601
1657,0.081,0.2216,0.4498,0.0657,
1658,0.348,0.3988,0.1347,0.3235,0.0628
1659,0.302,0.331,0.1243,0.2487,0.0552
1660,0.1925,0.2734,0.5054,0.1211,
1661,0.3545,0.4027,0.1362,0.335,0.064
1662,0.3037,0.3319,0.1247,0.2512,0.0554
1663,0.43,0.4052,0.6217,0.4796,0.0789
1664,0.3068,0.3336,0.1253,0.2999,
1665,0.0543,0.2415,0.0796,0.0436,0.027
1666,0.3662,0.3674,0.5912,0.3562,0.0661
1667,0.3655,0.367,0.1388,0.3549,0.066
1668,0.2532,0.3436,0.5357,0.183,
1669,0.1999,0.3142,0.1037,0.1276,0.0412
1670,0.2685,0.3523,0.5433,0.2398,
1671,0.1209,0.2733,0.0899,0.0721,0.0328
1672,0.0468,0.2381,0.0785,0.0412,0.0264
1673,0.1509,0.2884,0.095,0.0899,0.0358
1674,0.2824,0.3602,0.5502,0.2606,
1675,0.4821,0.437,0.6459,0.6353,
1676,0.2469,0.3012,0.5326,0.1756,0.0471
1677,0.3182,0.34,0.5678,0.2737,
1678,0.2113,0.3204,0.5148,0.1381,
1679,0.0662,0.247,0.0814,0.0478,0.028
1680,0.3808,0.3759,0.5983,0.4364,
1681,0.376,0.4157,0.1413,0.3743,
1682,0.3429,0.354,0.1335,0.3146,0.0619
1683,0.3346,0.3908,0.1316,0.3005,0.0605
1684,0.7596,0.6499,0.7606,0.9413,
1685,0.3083,0.3753,0.563,0.2582,
1686,0.0236,0.2277,0.0752,0.0345,0.0247
1687,0.5514,0.5245,0.6769,0.7088,0.1098
1688,0.2538,0.3049,0.1142,0.1837,0.0481
1689,0.0402,0.2351,0.0776,0.0392,0.0259
1690,0.2774,0.3175,0.5477,0.2137,
1691,0.325,0.3438,0.1294,0.2846,0.0589
1692,0.3478,0.3987,0.1346,0.3232,0.0628
1693,0.1588,0.2925,0.4886,0.0952,
1694,0.5004,0.4927,0.1743,0.6181,0.0957
1695,0.2819,0.3599,0.12,0.2199,0.0521
1696,0.0372,0.2337,0.0771,0.0383,0.0257
1697,0.1662,0.2963,0.4923,0.1005,0.0374
1698,0.3632,0.408,0.1382,0.3507,0.0655
1699,0.2314,0.3314,0.1097,0.1584,0.0451
1700,0.4278,0.4039,0.6206,0.4752,
1701,0.2997,0.3703,0.5587,0.2453,0.0548
1702,0.0505,0.2397,0.079,0.0424,0.0267
1703,0.0256,0.2286,0.4226,0.035,0.0248
1704,0.2083,0.3187,0.1053,0.1631,
1705,0.2882,0.3234,0.1213,0.2286,0.053
1706,0.3968,0.3854,0.1464,0.414,0.072
1707,0.2104,0.2824,0.1057,0.1372,0.0425
1708,0.449,0.4167,0.16,0.5176,0.0832
1709,0.0144,0.2237,0.0739,0.0321,0.024
1710,0.2553,0.3057,0.1145,0.1855,0.0483
1711,0.1595,0.2928,0.0964,0.0957,0.0367
1712,0.3137,0.3375,0.1269,0.2666,0.057
1713,0.1033,0.2646,0.4609,0.0776,
1714,0.2196,0.287,0.519,0.1462,0.0436
1715,0.2632,0.3492,0.1161,0.1953,0.0494
1716,0.4314,0.4061,0.1553,0.4824,0.0792
1717,0.0939,0.2272,0.0856,0.0589,0.0303
1718,0.2203,0.3253,0.1076,0.1469,0.0437
1719,0.1604,0.2933,0.0966,0.0963,0.0368
1720,0.6093,0.5161,0.7017,0.8281,
1721,0.0302,0.2306,0.0761,0.0363,0.0252
1722,0.28,0.3189,0.1196,0.2173,0.0518
1723,0.6313,0.5739,0.7108,0.8218,
1724,0.2145,0.2844,0.5164,0.1699,
1725,0.3058,0.3331,0.1251,0.2544,0.0557
1726,0.2253,0.29,0.1085,0.152,0.0443
1727,0.2509,0.3423,0.1136,0.1803,0.0477
1728,0.4247,0.4456,0.6192,0.5239,
1729,0.1794,0.3032,0.4989,0.1339,
1730,0.2414,0.2983,0.5298,0.2025,
1731,0.2325,0.2937,0.1099,0.1912,
1732,0.177,0.2658,0.0995,0.1085,0.0386
1733,0.3295,0.3464,0.5734,0.3394,
1734,0.4524,0.4188,0.1609,0.5244,0.084
1735,0.2617,0.3484,0.1158,0.1934,
1736,0.1628,0.2589,0.097,0.098,0.037
1737,0.1527,0.2541,0.0953,0.0911,0.036
1738,0.3348,0.3494,0.1316,0.3008,0.0605
1739,0.1225,0.24,0.0902,0.0893,
1740,0.0852,0.2559,0.4519,0.0552,
1741,0.1037,0.2648,0.0871,0.0634,0.0312
1742,0.3195,0.3407,0.1281,0.2757,0.058
1743,0.3098,0.3353,0.126,0.2605,
1744,0.1355,0.246,0.0923,0.0803,0.0342
1745,0.2697,0.3529,0.1174,0.2415,
1746,0.5495,0.5233,0.676,0.7056,
1747,0.0434,0.2058,0.078,0.0401,0.0262
1748,0.0534,0.2411,0.0795,0.0433,0.0269
1749,0.5234,0.507,0.6645,0.7079,
1750,0.3114,0.3362,0.1263,0.263,0.0566
1751,0.3877,0.38,0.6016,0.3965,
1752,0.256,0.3452,0.1146,0.1864,0.0484
1753,0.7243,0.6296,0.7475,0.9236,
1754,0.4054,0.3905,0.61,0.4853,
1755,0.2686,0.3523,0.1172,0.2022,0.0502
1756,0.4299,0.4488,0.1549,0.4794,0.0789
1757,0.5287,0.5103,0.1826,0.6699,0.6034
1758,0.1885,0.3081,0.1016,0.1178,0.0399
1759,0.2821,0.3601,0.12,0.2201,0.0521
1760,0.1781,0.2663,0.0997,0.1094,0.0387
1761,0.2331,0.294,0.11,0.1602,0.0453
1762,0.0769,0.252,0.083,0.0518,0.0289
1763,0.2903,0.3245,0.1218,0.2316,0.0534
1764,0.2524,0.3041,0.1139,0.1821,0.0479
1765,0.0981,0.2291,0.0863,0.0747,
1766,0.0484,0.2079,0.0787,0.0417,0.0266
1767,0.217,0.3235,0.5177,0.1436,0.0433
1768,0.0489,0.239,0.434,0.0419,
1769,0.3873,0.4226,0.1441,0.3957,
1770,0.2589,0.3076,0.1152,0.1899,0.0488
1771,0.089,0.2577,0.4538,0.0568,0.0299
1772,0.3177,0.3808,0.5676,0.3186,
1773,0.2785,0.3181,0.1193,0.2152,0.0516
1774,0.3108,0.3359,0.5642,0.2621,0.0565
1775,0.1457,0.2508,0.0941,0.0866,0.0352
1776,0.6027,0.512,0.6989,0.7858,0.1258
1777,0.3858,0.4217,0.1437,0.3929,0.0698
1778,0.2868,0.3628,0.5524,0.2267,0.0528
1779,0.5044,0.4952,0.656,0.6755,
1780,0.2902,0.3245,0.1217,0.2315,0.0533
1781,0.2442,0.3385,0.1122,0.1725,0.0468
1782,0.11,0.2679,0.0881,0.0665,0.0318
1783,0.1745,0.3007,0.4964,0.1066,0.0383
1784,0.0917,0.2263,0.4551,0.058,
1785,0.5,0.448,0.654,0.6677,
1786,0.4424,0.4565,0.1582,0.5044,0.0817
1787,0.3082,0.3344,0.5629,0.2581,
1788,0.2083,0.3187,0.1053,0.1353,0.0422
1789,0.6655,0.5511,0.7247,0.8831,
1790,0.167,0.2967,0.0978,0.101,0.0375
1791,0.5424,0.4743,0.6729,0.6937,0.1072
1792,0.2091,0.3192,0.5137,0.136,
1793,0.1451,0.2505,0.4817,0.1052,
1794,0.0916,0.259,0.0852,0.0579,0.0301
1795,0.1034,0.2314,0.0871,0.0633,0.0312
1796,0.4632,0.4254,0.1638,0.5458,0.0865
1797,0.2238,0.2892,0.1082,0.1504,0.0441
1798,0.4239,0.4451,0.6188,0.4674,0.0776
1799,0.5661,0.5337,0.6833,0.7733,
1800,0.045,0.2065,0.0782,0.0406,0.0263
1801,0.1734,0.3001,0.0989,0.1058,0.0382
1802,0.3604,0.3641,0.1376,0.3456,0.065
1803,0.1739,0.2642,0.099,0.1062,
1804,0.1108,0.2347,0.0883,0.0669,0.0318
1805,0.1543,0.2548,0.4863,0.0922,0.0361
1806,0.2004,0.2773,0.1038,0.128,0.0413
1807,0.2709,0.314,0.1177,0.2051,
1808,0.6298,0.573,0.2147,0.8201,0.6733
1809,0.1717,0.2632,0.0986,0.1045,0.038
1810,0.3149,0.3382,0.1271,0.2685,0.0572
1811,0.3062,0.3741,0.5619,0.2989,
1812,0.2909,0.3249,0.5544,0.2325,0.0534
1813,0.2079,0.3185,0.1052,0.1349,0.0422
1814,0.2793,0.3584,0.1194,0.2163,0.0517
1815,0.1769,0.3019,0.0995,0.1085,0.0386
1816,0.197,0.2756,0.1032,0.125,0.0409
1817,0.268,0.352,0.5431,0.2014,0.0501
1818,0.3066,0.3743,0.5621,0.2556,0.0559
1819,0.4122,0.4379,0.6133,0.4442,0.0751
1820,0.2029,0.2786,0.1043,0.1303,0.0416
1821,0.3219,0.3421,0.5697,0.3259,
1822,0.4286,0.448,0.621,0.5317,
1823,0.4883,0.4408,0.6487,0.6467,
1824,0.3834,0.4202,0.1431,0.3883,0.0693
1825,0.2288,0.33,0.5235,0.1556,
1826,0.1575,0.2563,0.0961,0.0943,0.0365
1827,0.2948,0.3674,0.1227,0.2381,0.054
1828,0.0551,0.2418,0.0797,0.0439,0.0271
1829,0.1447,0.2503,0.0939,0.086,0.0351
1830,0.0587,0.2435,0.0802,0.0451,0.0274
1831,0.3511,0.3587,0.1354,0.329,
1832,0.1322,0.2789,0.4753,0.0958,
1833,0.3569,0.4042,0.5867,0.3393,0.0644
1834,0.5097,0.4985,0.177,0.6355,
1835,0.205,0.3169,0.1047,0.1322,0.0418
1836,0.1636,0.295,0.491,0.0986,0.0371
1837,0.0601,0.2441,0.4395,0.0456,
1838,0.3102,0.3764,0.1261,0.2611,0.0564
1839,0.163,0.259,0.0971,0.0982,0.037
1840,0.2242,0.3274,0.1083,0.1508,0.0442
1841,0.535,0.5143,0.6697,0.681,0.1051
1842,0.2415,0.2984,0.1117,0.1694,
1843,0.4636,0.4256,0.6373,0.5466,
1844,0.5929,0.5059,0.2025,0.7723,0.1226
1845,0.1822,0.2683,0.1005,0.1126,0.0392
1846,0.0649,0.2147,0.0812,0.0473,0.0279
1847,0.419,0.442,0.1521,0.4577,0.0766
1848,0.5375,0.5158,0.6708,0.7307,
1849,0.049,0.2081,0.0788,0.0419,0.0266
1850,0.1075,0.2667,0.0877,0.0653,0.0315
1851,0.3943,0.4269,0.1458,0.4092,0.0715
1852,0.4287,0.448,0.6211,0.477,0.0786
1853,0.1412,0.2835,0.0933,0.0838,0.0348
1854,0.2689,0.3525,0.5435,0.2025,
1855,0.5,0.4924,0.1742,0.6173,0.0956
1856,0.4055,0.4337,0.1486,0.431,0.0738
1857,0.2361,0.2956,0.5272,0.1634,0.0457
1858,0.3872,0.4225,0.1441,0.3955,0.0701
1859,0.236,0.2955,0.1106,0.1633,0.0457
1860,0.3318,0.3892,0.1309,0.2958,0.06
1861,0.2453,0.3004,0.1125,0.1737,0.0469
1862,0.0458,0.2376,0.0784,0.0409,0.0264
1863,0.25,0.3028,0.1134,0.1792,0.0476
1864,0.5364,0.4706,0.1849,0.6834,0.1055
1865,0.2574,0.3068,0.1149,0.1881,0.0486
1866,0.0226,0.1975,0.0751,0.0342,0.0246
1867,0.1783,0.2664,0.4983,0.1329,
1868,0.2508,0.3033,0.5345,0.1802,0.0477
1869,0.2147,0.2845,0.1065,0.1414,0.043
1870,0.2143,0.322,0.1064,0.141,0.0429
1871,0.3286,0.3873,0.5729,0.3378,
1872,0.1302,0.2779,0.4743,0.0773,0.0337
1873,0.0919,0.2591,0.4552,0.0581,0.0301
1874,0.0969,0.2285,0.0861,0.0603,0.0306
1875,0.2811,0.3595,0.5496,0.2188,0.052
1876,0.2412,0.3368,0.1116,0.1691,0.0464
1877,0.3536,0.4022,0.136,0.3334,0.0638
1878,0.1752,0.301,0.4968,0.1072,0.0384
1879,0.5099,0.4541,0.6585,0.6359,0.0982
1880,0.2414,0.337,0.1117,0.1693,0.0464
1881,0.2467,0.3011,0.1127,0.1754,0.0471
1882,0.091,0.2587,0.4548,0.0708,
1883,0.0926,0.2267,0.0854,0.0584,0.0302
1884,0.4824,0.4371,0.646,0.5836,
1885,0.199,0.3137,0.1035,0.1268,0.0411
1886,0.1246,0.241,0.4715,0.0741,0.0331
1887,0.3234,0.3842,0.129,0.282,0.0586
1888,0.4288,0.4045,0.1546,0.4772,0.0787
1889,0.4417,0.4561,0.158,0.503,0.0815
1890,0.1181,0.2719,0.4683,0.0706,0.0325
1891,0.2023,0.3155,0.1042,0.1297,0.0415
1892,0.164,0.2952,0.0972,0.0989,0.0371
1893,0.1981,0.3132,0.1034,0.126,0.041
1894,0.2688,0.3524,0.5435,0.2402,
1895,0.547,0.4772,0.675,0.7454,
1896,0.6865,0.564,0.733,0.8776,0.1561
1897,0.1477,0.2517,0.483,0.0879,
1898,0.1249,0.2411,0.0906,0.0743,0.0332
1899,0.3133,0.3782,0.5654,0.2659,0.0569
1900,0.4062,0.4342,0.1488,0.4324,0.0739
1901,0.4286,0.448,0.1546,0.4768,0.0786
1902,0.2344,0.3331,0.1103,0.1616,0.0455
1903,0.2237,0.3271,0.521,0.1503,
1904,0.1259,0.2416,0.0907,0.0748,0.0333
1905,0.3124,0.3368,0.1266,0.2645,0.0568
1906,0.4257,0.4026,0.1538,0.471,0.078
1907,0.1316,0.2786,0.0917,0.0781,0.0338
1908,0.3756,0.4155,0.1412,0.3736,0.0679
1909,0.2202,0.2874,0.1075,0.1468,0.0437
1910,0.3665,0.41,0.139,0.3567,0.0661
1911,0.491,0.4424,0.6499,0.6002,
1912,0.3514,0.3589,0.5841,0.3295,
1913,0.0757,0.2193,0.4472,0.0514,
1914,0.4438,0.4136,0.1586,0.5072,0.082
1915,0.7967,0.6302,0.2763,0.9454,0.2048
1916,0.0338,0.2322,0.4266,0.046,
1917,0.2992,0.3294,0.1237,0.2445,0.0547
1918,0.3812,0.4189,0.1426,0.3841,0.0689
1919,0.1544,0.2902,0.4864,0.1124,
1920,0.2711,0.3537,0.5446,0.2054,0.0505
1921,0.1725,0.2996,0.4954,0.1276,
1922,0.1408,0.2485,0.0932,0.0835,0.0347
1923,0.4533,0.4193,0.6326,0.5804,
1924,0.2703,0.3137,0.5442,0.2044,0.0504
1925,0.3006,0.3302,0.124,0.2466,0.0549
1926,0.2453,0.3391,0.1125,0.1737,0.0469
1927,0.3431,0.3541,0.58,0.315,
1928,0.3098,0.3762,0.126,0.2605,0.0564
1929,0.2064,0.3177,0.1049,0.1335,
1930,0.1014,0.2637,0.0868,0.0624,0.031
1931,0.4742,0.4321,0.6422,0.5676,0.0891
1932,0.3433,0.396,0.5801,0.3153,
1933,0.4459,0.4587,0.1591,0.5114,0.0825
1934,0.0678,0.216,0.0816,0.0484,0.0281
1935,0.4529,0.463,0.6324,0.5254,0.0841
1936,0.1965,0.2754,0.5074,0.1246,0.0408
1937,0.046,0.2377,0.4326,0.0505,
1938,0.4706,0.4299,0.1659,0.5605,0.0883
1939,0.215,0.3224,0.5167,0.1416,0.043
1940,0.2074,0.2808,0.1051,0.1344,0.0421
1941,0.1113,0.2685,0.0884,0.0672,0.0319
1942,0.1385,0.2821,0.0928,0.0821,0.0345
1943,0.276,0.3167,0.1187,0.2119,0.0512
1944,0.0779,0.2524,0.4483,0.0522,0.0289
1945,0.029,0.2301,0.4243,0.0359,0.0251
1946,0.042,0.2053,0.0778,0.0397,0.0261
1947,0.0926,0.2594,0.4556,0.0584,0.0302
1948,0.2666,0.3512,0.1168,0.1996,0.0499
1949,0.1966,0.3124,0.1031,0.1247,0.0408
1950,0.6194,0.5224,0.2112,0.8393,
1951,0.5298,0.4665,0.1829,0.6719,0.1036
1952,0.239,0.2971,0.5286,0.1994,
1953,0.1532,0.2543,0.4858,0.0914,0.036
1954,0.1596,0.2574,0.0965,0.0958,0.0367
1955,0.4812,0.4364,0.1688,0.5813,0.0908
1956,0.2879,0.3634,0.5529,0.2282,
1957,0.284,0.3612,0.551,0.2228,0.0524
1958,0.4384,0.4103,0.1571,0.4964,0.0808
1959,0.1018,0.2307,0.0868,0.0625,0.031
1960,0.3821,0.4194,0.1428,0.3858,0.0691
1961,0.2263,0.2905,0.1087,0.153,0.0444
1962,0.2701,0.3532,0.5441,0.2041,0.0504
1963,0.653,0.5871,0.2226,0.8458,0.1433
1964,0.0216,0.1971,0.0749,0.0339,0.0246
1965,0.3327,0.3482,0.1311,0.2973,0.0602
1966,0.2031,0.3159,0.1043,0.1305,0.0416
1967,0.1116,0.2687,0.0884,0.0673,0.0319
1968,0.241,0.3367,0.5296,0.202,
1969,0.1961,0.2752,0.103,0.1242,
1970,0.1005,0.2301,0.4595,0.0619,0.0309
1971,0.5331,0.5131,0.1839,0.6777,
1972,0.3201,0.3822,0.1283,0.2767,
1973,0.2464,0.3398,0.1127,0.175,
1974,0.3001,0.3299,0.5589,0.2458,
1975,0.5552,0.4823,0.1906,0.715,
1976,0.0877,0.2245,0.4532,0.0562,
1977,0.2602,0.3083,0.5392,0.1915,
1978,0.1545,0.2903,0.0956,0.0923,
1979,0.439,0.4106,0.6259,0.4976,
1980,0.1443,0.285,0.0938,0.0857,
1981,0.2038,0.3163,0.5111,0.1311,
1982,0.3327,0.3482,0.5749,0.2973,
1983,0.5314,0.4675,0.1834,0.6747,
1984,0.2075,0.3183,0.5129,0.1345,
1985,0.2437,0.2995,0.1121,0.1719,
1986,0.12,0.2389,0.0898,0.0716,
1987,0.3462,0.3559,0.1342,0.3204,
1988,0.1665,0.2965,0.0977,0.1007,
1989,0.2849,0.3617,0.1206,0.224,
1990,0.4265,0.4467,0.62,0.4726,
1991,0.2951,0.3676,0.5565,0.2385,
1992,0.3249,0.3438,0.1294,0.2845,
1993,0.6469,0.5834,0.7172,0.8394,
1994,0.3339,0.3904,0.1314,0.2993,
1995,0.4668,0.4717,0.6388,0.553,
1996,0.2366,0.3343,0.5274,0.164,
1997,0.2717,0.3541,0.1178,0.2062,
1998,0.3742,0.3721,0.1409,0.371,
1999,0.5354,0.47,0.1846,0.6817,
2000,0.463,0.4252,0.1638,0.5455,
2001,0.3407,0.3527,0.133,0.3109,
2002,0.3428,0.3957,0.1334,0.3145,
2003,0.5412,0.4736,0.6724,0.6917,
2004,0.2598,0.3473,0.539,0.191,
2005,0.2307,0.331,0.1096,0.1576,
2006,0.2939,0.3669,0.1225,0.2368,
2007,0.2782,0.3179,0.1192,0.2148,
2008,0.181,0.3041,0.4997,0.1117,
2009,0.1833,0.3053,0.1007,0.1135,
2010,0.1626,0.2588,0.097,0.0979,
2011,0.4886,0.441,0.6488,0.5956,
2012,0.2427,0.299,0.1119,0.1708,
2013,0.0725,0.218,0.4456,0.0501,
2014,0.3993,0.3869,0.1471,0.4189,
2015,0.3041,0.3728,0.5609,0.2518,
2016,0.5006,0.4484,0.6543,0.6185,
2017,0.1485,0.2521,0.4834,0.0884,
2018,0.3493,0.3577,0.135,0.3258,
2019,0.328,0.3869,0.1301,0.2895,
2020,0.6251,0.526,0.7082,0.8144,
2021,0.0134,0.2232,0.0738,0.0318,
2022,0.3356,0.3498,0.5764,0.3022,
2023,0.4423,0.4565,0.1582,0.5042,
2024,0.1567,0.2914,0.4875,0.0938,
2025,0.1944,0.2743,0.1027,0.1228,
2026,0.2745,0.3557,0.1184,0.2099,
